ID," City, State",Bank Name,Press Release (PR),Closing Date,Approx. Asset (Millions),Approx. Deposit (Millions),Acquirer & Transaction
1," New York, NY",Signature Bank,PR-018-2023,12-Mar-23,110400,88600,"To protect depositors, the FDIC transferred all the deposits and substantially all of the assets of Signature Bank to Signature Bridge Bank, N.A., a full-service bank that will be operated by the FDIC as it markets the institution to potential bidders."
2," Santa Clara, CA",Silicon Valley Bank,PR-016-2023; PR-019-2023,10-Mar-23,209000,175400,"To protect depositors, on Monday, March 13, 2023, the FDIC transferred all the deposits, both insured and uninsured, of Silicon Valley Bank to Silicon Valley Bridge Bank, N.A. a full-service 'bridge bank' that will be operated by the FDIC as it markets the institution to potential bidders."
3," Almena, KS",Almena State Bank,PR-119-2020,23-Oct-20,70,68.7,Equity Bank has agreed to assume all deposits.
4," Fort Walton Beach, FL",First City Bank of Florida,PR-112-2020,16-Oct-20,134.7,131.4,"United Fidelity Bank, fsb has agreed to assume all deposits."
5," Barboursville, WV",First State Bank,PR-046-2020,3-Apr-20,152.4,139.5, MVB Bank has agreed to assume all deposits excluding certain brokered deposits.retain the remaining assets for later disposition.
6," Ericson, NE",Ericson State Bank,PR-011-2020,14-Feb-20,100.9,95.2,Farmers and Merchants Bank has agreed to assume all deposits.
7," Newark, NJ",City National Bank of New Jersey,PR-101-2019,1-Nov-19,120.6,111.2,Industrial Bank has agreed to assume all deposits.
8," Maumee, OH",Resolute Bank,PR-097-2019,25-Oct-19,27.1,26.2,Buckeye State Bank has agreed to assume all deposits.
9," Louisa, KY",Louisa Community Bank,PR-096-2019,25-Oct-19,29.7,26.5,Kentucky Farmers Bank Corporation has agreed to assume all deposits.
10," Cooper, TX",The Enloe State Bank,PR-046-2019,31-May-19,36.7,31.3,"Legend Bank, N.A. has agreed to assume the insured deposits."
11," Chicago, IL",Washington Federal Bank for Savings,PR-096-2017,15-Dec-17,166.3,144,Royal Savings Bank has agreed to assume the non-brokered insured deposits.
12," Argonia, KS",The Farmers and Merchants State Bank of Argonia,PR-080-2017,13-Oct-17,34.2,29.6,Conway Bank has agreed to assume all deposits.
13," Saint Elmo, IL",Fayette County Bank,PR-041-2017,26-May-17,34.4,34,"United Fidelity Bank, fsb has agreed to assume all deposits."
14," Milwaukee, WI, (d/b/a BestBank in Georgia & Michigan)",Guaranty Bank,PR-037-2017,5-May-17,1000,1000,First-Citizens Bank & Trust Company has agreed to assume all deposits.
15," New Orleans, LA",First NBC Bank,PR-034-2017,28-Apr-17,4740,3540,"Whitney Bank has agreed to assume the transactional deposits (approximately $1.6 billion), and to purchase approximately $1 billion of the failed bank's assets. The FDIC mailed checks for the time deposits (CDs and IRAs) and retained the remaining assets for later disposition."
16," Cottonwood Heights, UT",Proficio Bank,PR-019-2017,3-Mar-17,68.2,65,Cache Valley Bank has agreed to assume all deposits.
17," Chicago, IL",Seaway Bank and Trust Company,PR-009-2017,27-Jan-17,361.2,307.1,State Bank of Texas has agreed to assume all deposits.
18," Pennsville, NJ",Harvest Community Bank,PR-004-2017,13-Jan-17,126.4,123.8,First-Citizens Bank & Trust Company has agreed to assume all deposits.
19," Mulberry, AR",Allied Bank,PR-082-2016,23-Sep-16,66.3,64.7,Today's Bank has agreed to assume all deposits.
20," Woodbury, GA",The Woodbury Banking Company,PR-069-2016,19-Aug-16,21.4,21.1,United Bank has agreed to assume all deposits.
21," King of Prussia, PA",First CornerStone Bank,PR-038-2016,6-May-16,103.3,101,First-Citizens Bank & Trust Company has agreed to assume all deposits.
22," Memphis, TN",Trust Company Bank,PR-034-2016,29-Apr-16,20.7,20.3,The Bank of Fayette County has agreed to assume all deposits.
23," Milwaukee, WI",North Milwaukee State Bank,PR-020-2016,11-Mar-16,67.1,61.5,First-Citizens Bank & Trust Company has agreed to assume all deposits excluding certain brokered deposits.
24," Longview, WA",Hometown National Bank,PR-078-2015,2-Oct-15,4.9,4.7,Twin City Bank has agreed to assume all deposits.
25," Peachtree City, GA",The Bank of Georgia,PR-077-2015,2-Oct-15,294.2,280.7,Fidelity Bank has agreed to assume all deposits.
26," Denver, CO",Premier Bank,PR-060-2015,10-Jul-15,31.7,29.6,"United Fidelity Bank, fsb has agreed to assume all deposits."
27," Chicago, IL",Edgebrook Bank,PR-040-2015,8-May-15,90,90,Republic Bank of Chicago has agreed to assume all deposits.
28," San Juan, PR",Doral Bank,PR-024-2015,27-Feb-15,5900,4100,"Banco Popular de Puerto Rico, Hato Rey, PR has agreed to accept all deposits. Banco Popular de Puerto Rico, entered into separate agreements to transfer deposits and assets in specific markets to Banco Popular North America, New York, NY, FirstBank Puerto Rico, Santurce, PR, and Centennial Bank, Conway, AR."
29," Atlanta, GA",Capitol City Bank & Trust Company,PR-016-2015,13-Feb-15,272.3,262.7,First-Citizens Bank & Trust Company has agreed to assume all deposits.
30," Chicago, IL",Highland Community Bank,PR-007-2015,23-Jan-15,54.7,53.5,"United Fidelity Bank, fsb has agreed to assume all deposits."
31," Crestview, FL",First National Bank of Crestview,PR-006-2015,16-Jan-15,79.7,78.6,First NBC Bank has agreed to assume all deposits.
32," Mankato, MN",Northern Star Bank,PR-112-2014,19-Dec-14,18.8,18.2,BankVista has agreed to assume all deposits.
33," FSB, D/B/A El Paseo Bank, Palm Desert, CA",Frontier Bank,PR-097-2014,7-Nov-14,86.4,82.1,"Bank of Southern California, N.A. has agreed to assume all deposits."
34," Chicago, IL",The National Republic Bank of Chicago,PR-089-2014,24-Oct-14,954.4,915.3,State Bank of Texas has agreed to assume all deposits excluding certain brokered deposits.
35," Rising Sun, MD",NBRS Financial,PR-085-2014,17-Oct-14,188.2,183.1,Howard Bank has agreed to assume all deposits.
36," fsb, Chicago, IL",GreenChoice Bank,PR-062-2014,25-Jul-14,72.9,71,"Providence Bank, LLC has agreed to assume all deposits."
37," Conyers, GA",Eastside Commercial Bank,PR-058-2014,18-Jul-14,169,161.6,Community & Southern Bank has agreed to assume all deposits.
38," Freedom, OK",The Freedom State Bank,PR-050-2014,27-Jun-14,22.8,20.9,Alva State Bank & Trust Company has agreed to assume all deposits.
39," Fort Lauderdale, FL",Valley Bank,PR-048-2014,20-Jun-14,81.8,66.5,"Landmark Bank, National Association has agreed to assume all deposits."
40," Moline, IL",Valley Bank,PR-047-2014,20-Jun-14,456.4,360,Great Southern Bank has agreed to assume all deposits.
41," Bel Air, MD",Slavie Federal Savings Bank,PR-041-2014,30-May-14,140.1,111.1,"Bay Bank, FSB has agreed to assume all deposits."
42," Cincinnati, OH",Columbia Savings Bank,PR-036-2014,23-May-14,36.5,29.5,"United Fidelity Bank, fsb has agreed to assume all deposits."
43," Berwyn, IL",AztecAmerica Bank,PR-034-2014,16-May-14,66.3,65,Republic Bank of Chicago has agreed to assume all deposits.
44," Fairfax, SC",Allendale County Bank,PR-31-2014,25-Apr-14,54.5,51,Palmetto State Bank has agreed to assume all deposits.
45," Horsham, PA",Vantage Point Bank,PR-017-2014,28-Feb-14,63.5,62.5,First Choice Bank has agreed to assume all deposits.
46," National Association, Sterling, VA",Millennium Bank,PR-016-2014,28-Feb-14,130.3,121.7,WashingtonFirst Bank has agreed to assume all deposits.
47," Boise, ID",Syringa Bank,PR-007-2014,31-Jan-14,153.4,145.1,Sunwest Bank has agreed to assume all deposits excluding certain brokered deposits.
48," El Reno, OK",The Bank of Union,PR-005-2014,24-Jan-14,331.4,328.8,BancFirst has agreed to assume all deposits excluding certain brokered deposits.
49," West Chicago, IL",DuPage National Bank,PR-004-2014,17-Jan-14,61.7,59.6,Republic Bank of Chicago has agreed to assume all deposits.
50," National Association, The Woodlands, TX",Texas Community Bank,PR-118-2013,13-Dec-13,160.1,142.6,"Spirit of Texas Bank, SSB has agreed to assume all deposits."
51," Graceville, FL",Bank of Jackson County,PR-097-2013,30-Oct-13,25.5,25,First Federal Bank of Florida has agreed to assume all deposits.
52," Edinburg, TX",First National Bank,PR-083-2013,13-Sep-13,3100,2300,PlainsCapital Bank has agreed to assume all deposits.
53," Bridgeport, CT",The Community's Bank,PR-082-2013,13-Sep-13,26.3,25.7,The FDIC has approved the payout of the insured deposits of The Community's Bank.
54," Phoenix, AZ",Sunrise Bank of Arizona,PR-073-2013,23-Aug-13,202.2,196.9,"First Fidelity Bank, National Association has agreed to assume all deposits."
55," Parsons, TN",Community South Bank,PR-072-2013,23-Aug-13,386.9,377.7,"CB&S Bank, Inc. has agreed to assume all deposits and $121.7 million of the assets."
56," Wausau, WI",Bank of Wausau,PR-071-2013,9-Aug-13,43.6,40.7,Nicolet National Bank has agreed to assume all deposits.
57," Fort Myers, FL, also operating as Community Bank of Cape Coral, Cape Coral, FL",First Community Bank of Southwest Florida,PR-069-2013,2-Aug-13,265.7,254.2,C1 Bank has agreed to assume all deposits.
58," Sevierville, TN",Mountain National Bank,PR-050-2013,7-Jun-13,437.3,373.4,"First Tennessee Bank, National Association has agreed to assume all deposits excluding certain brokered deposits."
59," North Las Vegas, NV",1st Commerce Bank,PR-049-2013,6-Jun-13,20.2,19.6,Plaza Bank has agreed to assume all deposits.
60," which did business as Bank of Kenosha, Kenosha, WI",Banks of Wisconsin,PR-046-2013,31-May-13,134,127.6,"North Shore Bank, FSB has agreed to assume all deposits excluding certain brokered deposits."
61," Scottsdale, AZ",Central Arizona Bank,PR-040-2013,14-May-13,31.6,30.8,Western State Bank has agreed to assume all deposits.
62," Valdosta, GA",Sunrise Bank,PR-038-2013,10-May-13,60.8,57.8,Synovus Bank has agreed to assume all deposits.
63," Asheville, NC",Pisgah Community Bank,PR-037-2013,10-May-13,21.9,21.2,"Capital Bank, N.A. has agreed to assume all deposits."
64," Douglasville, GA",Douglas County Bank,PR-034-2013,26-Apr-13,316.5,314.3,Hamilton State Bank has agreed to assume all deposits.
65," Lenoir, NC",Parkway Bank,PR-033-2013,26-Apr-13,108.6,103.7,"CertusBank, National Association has agreed to assume all deposits."
66," Marianna, FL",Chipola Community Bank,PR-030-2013,19-Apr-13,39.2,37.6,First Federal Bank of Florida has agreed to assume all deposits.
67," Orange Park, FL",Heritage Bank of North Florida,PR-029-2013,19-Apr-13,110.9,108.5,FirstAtlantic Bank has agreed to assume all deposits.
68," Lexington, KY",First Federal Bank,PR-028-2013,19-Apr-13,100.1,93.9,Your Community Bank has agreed to assume all deposits.
69," Gold Canyon, AZ",Gold Canyon Bank,PR-026-2013,5-Apr-13,45.2,44.2,"First Scottsdale Bank, National Association, has agreed to assume all deposits."
70," LaGrange, GA",Frontier Bank,PR-018-2013,8-Mar-13,258.8,224.1,HeritageBank of the South has agreed to assume all deposits.
71," Chicago, IL",Covenant Bank,PR-010-2013,15-Feb-13,58.4,54.2,Liberty Bank and Trust Company has agreed to assume all deposits excluding certain brokered deposits.
72," Andover, MN",1st Regents Bank,PR-005-2013,18-Jan-13,50.2,49.1,First Minnesota Bank has agreed to assume all deposits.
73," University Place, WA",Westside Community Bank,PR-002-2013,11-Jan-13,97.7,96.5,Sunwest Bank has agreed to assume all deposits.
74," Sunrise Beach, MO",Community Bank of the Ozarks,PR-146-2012,14-Dec-12,42.8,41.9,Bank of Sullivan has agreed to assume all deposits.
75," Braselton, GA",Hometown Community Bank,PR-134-2012,16-Nov-12,124.6,108.9,"CertusBank, National Association has agreed to assume all deposits."
76," Princeton, IL",Citizens First National Bank,PR-128-2012,2-Nov-12,924,869.4,Heartland Bank and Trust Company has agreed to assume all deposits.
77," Lutz, FL",Heritage Bank of Florida,PR-127-2012,2-Nov-12,225.5,223.3,Centennial Bank has agreed to assume all deposits.
78," Berwyn, PA",NOVA Bank,PR-123-2012,26-Oct-12,483,432.2,The FDIC has approved the payout of the insured deposits of NOVA Bank.
79," Sedalia, MO",Excel Bank,PR-120-2012,19-Oct-12,200.6,187.4,Simmons First National Bank has agreed to assume all deposits.
80," Tamarac, FL",First East Side Savings Bank,PR-119-2012,19-Oct-12,67.2,65.9,"Stearns Bank National Association, has agreed to assume all deposits."
81," Destin, FL",GulfSouth Private Bank,PR-118-2012,19-Oct-12,159.1,151.1,SmartBank has agreed to assume all deposits.
82," Crete, IL",First United Bank,PR-113-2012,28-Sep-12,328.4,316.9,"Old Plank Trail Community Bank, National Association has agreed to assume all deposits."
83," Saint Louis, MO",Truman Bank,PR-106-2012,14-Sep-12,282.3,245.7,Simmons First National Bank has agreed to assume all deposits excluding certain brokered deposits.
84," Bloomington, MN",First Commercial Bank,PR-104-2012,7-Sep-12,215.9,206.8,Republic Bank & Trust Company has agreed to assume all deposits.
85," Waukegan, IL",Waukegan Savings Bank,PR-090-2012,3-Aug-12,88.9,77.5,First Midwest Bank has agreed to assume all deposits.
86," Jasper, GA",Jasper Banking Company,PR-089-2012,27-Jul-12,216.7,213.1,"Stearns Bank National Association, has agreed to assume all deposits excluding certain brokered deposits."
87," Chicago, IL",Second Federal Savings and Loan Association of Chicago,PR-086-2012,20-Jul-12,199.1,175.9,Hinsdale Bank & Trust Company has agreed to assume all deposits.
88," Leawood, KS",Heartland Bank,PR-085-2012,20-Jul-12,110,102.6,Metcalf Bank has agreed to assume all deposits.
89," Woodstock, GA",First Cherokee State Bank,PR-084-2012,20-Jul-12,222.7,193.3,Community & Southern Bank has agreed to assume all deposits.
90," Buford, GA",Georgia Trust Bank,PR-083-2012,20-Jul-12,119.8,117.4,Community & Southern Bank has agreed to assume all deposits excluding certain brokered deposits.
91," Naples, FL",The Royal Palm Bank of Florida,PR-082-2012,20-Jul-12,87,85.1,First National Bank of the Gulf Coast has agreed to assume all deposits.
92," Glasgow, MO",Glasgow Savings Bank,PR-081-2012,13-Jul-12,24.8,24.2,Regional Missouri Bank has agreed to assume all deposits.
93," Ailey, GA",Montgomery Bank & Trust,PR-080-2012,6-Jul-12,173.6,164.4,Ameris Bank has agreed to assume all deposits excluding certain brokered deposits.
94," Lynchburg, TN",The Farmers Bank of Lynchburg,PR-71-2012,15-Jun-12,163.9,156.4,Clayton Bank and Trust has agreed to assume all deposits.
95," Marietta, GA",Security Exchange Bank,PR-070-2012,15-Jun-12,151,147.9,Fidelity Bank has agreed to assume all deposits.
96," Palatka, FL",Putnam State Bank,PR-069-2012,15-Jun-12,169.5,160,Harbor Community Bank has agreed to assume all deposits.
97," Whiteville, NC",Waccamaw Bank,PR-067-2012,8-Jun-12,533.1,472.7,First Community Bank has agreed to assume all deposits excluding certain brokered deposits.
98," Shabbona, IL",Farmers and Traders State Bank,PR-066-2012,8-Jun-12,43.1,42.3,First State Bank has agreed to assume all deposits.
99," Charleston, SC",Carolina Federal Savings Bank,PR-065-2012,8-Jun-12,54.4,53.1,Bank of North Carolina has agreed to assume all deposits.
100," Kingfisher, OK",First Capital Bank,PR-064-2012,8-Jun-12,46.1,44.8,F & M Bank has agreed to assume all deposits.
101," National Association, Sylacauga, AL",Alabama Trust Bank,PR-057-2012,18-May-12,51.6,45.1,Southern States Bank has agreed to assume all deposits excluding certain brokered deposits.
102," National Association, North Lauderdale, FL",Security Bank,PR-052-2012,4-May-12,101,99.1,Banesco USA has agreed to assume all deposits.
103," Palm Desert, CA",Palm Desert National Bank,PR-050-2012,27-Apr-12,125.8,122.8,Pacific Premier Bank has agreed to assume all deposits excluding certain brokered deposits.
104," Pawleys Island, SC",Plantation Federal Bank,PR-049-2012,27-Apr-12,486.4,440.5,First Federal Bank has agreed to assume all deposits.
105," fsb D/B/A InterBank, fsb, Maple Grove, MN",Inter Savings Bank,PR-048-2012,27-Apr-12,481.6,473,Great Southern Bank has agreed to assume all deposits.
106," Gaithersburg, MD",HarVest Bank of Maryland,PR-047-2012,27-Apr-12,164.3,145.5,Sonabank has agreed to assume all deposits.
107," Cambridge, MD",Bank of the Eastern Shore,PR-046-2012,27-Apr-12,166.7,154.5,"To protect the insured depositors, the FDIC created the Deposit Insurance National Bank (DINB) of Eastern Shore, Cambridge, MD which will remain open until May 25, 2012."
108," FSB, Fort Lee, NJ",Fort Lee Federal Savings Bank,PR-043-2012,20-Apr-12,51.9,50.7,Alma Bank has agreed to assume all deposits.
109," Dearborn, MI",Fidelity Bank,PR-038-2012,30-Mar-12,818.2,747.6,The Huntington National Bank has agreed to assume all deposits.
110," Wilmette, IL",Premier Bank,PR-033-2012,23-Mar-12,268.7,199,International Bank of Chicago has agreed to assume all deposits.
111," Rock Spring, GA",Covenant Bank & Trust,PR-032-2012,23-Mar-12,95.7,90.6,"Stearns Bank National Association, has agreed to assume all deposits."
112," Chicago, IL",New City Bank,PR-029-2012,9-Mar-12,71.2,72.4,The FDIC has approved the payout of the insured deposits of New City Bank.
113," Doraville, GA",Global Commerce Bank,PR-025-2012,2-Mar-12,143.7,116.8,Metro City Bank has agreed to assume all deposits.
114," Little Falls, MN",Home Savings of America,PR-022-2012,24-Feb-12,434.1,432.2,The FDIC has approved the payout of the insured deposits of Home Savings of America.
115," Ellaville, GA",Central Bank of Georgia,PR-021-2012,24-Feb-12,278.9,266.6,Ameris Bank has agreed to assume all deposits.
116," Shelbyville, IN",SCB Bank,PR-018-2012,10-Feb-12,182.6,171.6,"First Merchants Bank, National Association has agreed to assume all deposits excluding certain brokered deposits."
117," Hoffman Estates, IL",Charter National Bank and Trust,PR-017-2012,10-Feb-12,93.9,89.5,"Barrington Bank & Trust Company, National Association has agreed to assume all deposits."
118," Knoxville, TN",BankEast,PR-013-2012,27-Jan-12,272.6,268.8,"U.S. Bank National Association, has agreed to assume all deposits."
119," Forest Lake, MN",Patriot Bank Minnesota,PR-012-2012,27-Jan-12,111.3,108.3,First Resource Bank has agreed to assume all deposits.
120," Franklin, TN",Tennessee Commerce Bank,PR-011-2012,27-Jan-12,1185,1156,Republic Bank & Trust Company has agreed to assume all deposits excluding certain brokered deposits.
121," Jacksonville, FL",First Guaranty Bank and Trust Company of Jacksonville,PR-010-2012,27-Jan-12,377.9,349.5,"CenterState Bank of Florida, National Association has agreed to assume all deposits excluding certain brokered deposits."
122," Boothwyn, PA",American Eagle Savings Bank,PR-007-2012,20-Jan-12,19.6,17.7,"Capital Bank, National Association, has agreed to assume all deposits excluding certain brokered deposits."
123," Stockbridge, GA",The First State Bank,PR-006-2012,20-Jan-12,536.9,527.5,Hamilton State Bank has agreed to assume all deposits excluding certain brokered deposits.
124," Belleview, FL",Central Florida State Bank,PR-005-2012,20-Jan-12,79.1,77.7,"CenterState Bank of Florida, National Association, has agreed to assume all deposits excluding certain brokered deposits."
125," Phoenix, AZ",Western National Bank,PR-195-2011,16-Dec-11,162.9,144.5,"Washington Federal, Seattle, WA has agreed to assume all deposits excluding certain brokered deposits."
126," Crestview, FL",Premier Community Bank of the Emerald Coast,PR-194-2011,16-Dec-11,126,112.1,"Summit Bank, National Association, Panama City, FL has agreed to assume all deposits."
127," Lacombe, LA",Central Progressive Bank,PR-181-2011,18-Nov-11,383.1,347.7,"First NBC Bank, New Orleans, LA has agreed to assume all deposits."
128," Johnston, IA",Polk County Bank,PR-180-2011,18-Nov-11,91.6,82,"Grinnell State Bank, Grinnell, IA has agreed to assume all deposits."
129," Rockmart, GA",Community Bank of Rockmart,PR-178-2011,10-Nov-11,62.4,55.9,"Century Bank of Georgia, Cartersville, GA has agreed to assume all deposits excluding certain brokered deposits."
130," Saint George, UT",SunFirst Bank,PR-177-2011,4-Nov-11,198.1,169.1,"Cache Valley Bank, Logan, UT has agreed to assume all deposits excluding certain brokered deposits."
131," Inc., Omaha, NE",Mid City Bank,PR-176-2011,4-Nov-11,106.1,105.5,"Premier Bank (formerly Purdum State Bank), Purdum, NE has agreed to assume all deposits."
132," Des Plaines, IL",All American Bank,PR-174-2011,28-Oct-11,37.8,33.4,"International Bank of Chicago, Chicago, IL has agreed to assume all deposits."
133," Greenwood Village, CO",Community Banks of Colorado,PR-172-2011,21-Oct-11,1380,1330,"Bank Midwest, National Association, Kansas City, MO has agreed to assume all deposits excluding certain brokered deposits."
134," Jonesboro, GA",Community Capital Bank,PR-171-2011,21-Oct-11,181.2,166.2,"State Bank and Trust Company, Macon, GA has agreed to assume all deposits."
135," Decatur, GA",Decatur First Bank,PR-170-2011,21-Oct-11,191.5,179.2,"Fidelity Bank, Atlanta, GA has agreed to assume all deposits."
136," Clearwater, FL",Old Harbor Bank,PR-169-2011,21-Oct-11,215.9,217.8,"1st United Bank, Boca Raton, FL has agreed to assume all deposits."
137," Aledo, IL",Country Bank,PR-167-2011,14-Oct-11,190.6,167.5,"Blackhawk Bank & Trust, Milan, IL has agreed to assume all deposits excluding certain brokered deposits."
138," Cranford, NJ",First State Bank,PR-166-2011,14-Oct-11,204.4,201.2,"Northfield Bank, Staten Island, NY has agreed to assume all deposits."
139," Inc., Asheville, NC",Blue Ridge Savings Bank,PR-165-2011,14-Oct-11,161,158.7,"Bank of North Carolina, Thomasville, NC has agreed to assume all deposits."
140," Gray, GA",Piedmont Community Bank,PR-164-2011,14-Oct-11,201.7,181.4,"State Bank and Trust Company, Macon, GA has agreed to assume all deposits."
141," Ellington, MO",Sun Security Bank,PR-159-2011,7-Oct-11,355.9,290.4,"Great Southern Bank, Springfield, MO has agreed to assume all deposits."
142," Wyoming, MN",The RiverBank,PR-158-2011,7-Oct-11,417.4,379.3,"Central Bank, Stillwater, MN has agreed to assume all deposits."
143," Plano, TX",First International Bank,PR-156-2011,30-Sep-11,239.9,208.8,"American First National Bank, Houston, TX has agreed to assume all deposits."
144," Nevada City, CA",Citizens Bank of Northern California,PR-154-2011,23-Sep-11,288.8,253.1,"Tri Counties Bank, Chico, CA has agreed to assume all deposits."
145," Norfolk, VA",Bank of the Commonwealth,PR-153-2011,23-Sep-11,985.1,901.8,"Southern Bank and Trust Company, Mount Olive, NC has agreed to assume all deposits excluding certain brokered deposits."
146," Milton, FL",The First National Bank Of Florida,PR-149-2011,9-Sep-11,296.8,280.1,"CharterBank, West Point, GA has agreed to assume all deposits."
147," Woodstock, GA",CreekSide Bank,PR-146-2011,2-Sep-11,102.3,96.6,"Georgia Commerce Bank, Atlanta, GA has agreed to assume all deposits."
148," Cumming, GA",Patriot Bank of Georgia,PR-146-2011,2-Sep-11,150.8,111.2,"Georgia Commerce Bank, Atlanta, GA has agreed to assume all deposits."
149," Geneva, IL",First Choice Bank,PR-139-2011,19-Aug-11,141,137.2,"Inland Bank & Trust, Oak Brook, IL has agreed to assume all deposits excluding certain brokered deposits."
150," Statesboro, GA",First Southern National Bank,PR-138-2011,19-Aug-11,164.6,159.7,"Heritage Bank of the South, Albany, GA has agreed to assume all deposits excluding certain brokered deposits."
151," Palm Beach, FL",Lydian Private Bank,PR-137-2011,19-Aug-11,1700,1240,"Sabadell United Bank, National Association, Miami, FL has agreed to assume all deposits."
152," Huntingdon Valley, PA",Public Savings Bank,PR-136-2011,18-Aug-11,46.8,45.8,"Capital Bank, National Association, Rockville, MD has agreed to assume all deposits excluding certain brokered deposits."
153," Olathe, KS",The First National Bank of Olathe,PR-134-2011,12-Aug-11,538.1,524.3,"Enterprise Bank & Trust, Clayton, MO has agreed to assume all deposits excluding certain brokered deposits."
154," Colfax, WA",Bank of Whitman,PR-132-2011,5-Aug-11,548.6,515.7,"Columbia State Bank, Tacoma, WA has agreed to assume all deposits excluding certain brokered deposits."
155," Shorewood, IL",Bank of Shorewood,PR-131-2011,5-Aug-11,110.7,104,"Heartland Bank and Trust Company, Bloomington, IL has agreed to assume all deposits."
156," Evansville, IN",Integra Bank National Association,PR-128-2011,29-Jul-11,2200,1900,"Old National Bank, Evansville, IN has agreed to assume all deposits excluding certain brokered deposits."
157," National Association, Columbia, SC",BankMeridian,PR-127-2011,29-Jul-11,239.8,215.5,"SCBT, National Association, Orangeburg, SC has agreed to assume all deposits excluding certain brokered deposits."
158," Richmond, VA",Virginia Business Bank,PR-126-2011,29-Jul-11,95.8,85,"Xenith Bank, Richmond, VA has agreed to assume all deposits."
159," Greeley, CO",Bank of Choice,PR-124-2011,22-Jul-11,1070,924.9,"Bank Midwest, National Association, Kansas City, MO has agreed to assume all deposits excluding certain brokered deposits."
160," Sarasota, FL",LandMark Bank of Florida,PR-123-2011,22-Jul-11,275,246.7,"American Momentum Bank, Tampa, FL has agreed to assume all deposits."
161," Apollo Beach, FL",Southshore Community Bank,PR-123-2011,22-Jul-11,46.3,45.3,"American Momentum Bank, Tampa, FL has agreed to assume all deposits."
162," Prescott, AZ",Summit Bank,PR-122-2011,15-Jul-11,72,66.4,"The Foothills Bank, Yuma, AZ has agreed to assume all deposits."
163," Port St. Lucie, FL",First Peoples Bank,PR-121-2011,15-Jul-11,228.3,209.7,"Premier American Bank, National Association, Miami, FL has agreed to assume all deposits excluding certain brokered deposits."
164," Stockbridge, GA",High Trust Bank,PR-120-2011,15-Jul-11,192.5,189.5,"Ameris Bank, Moultrie, GA has agreed to assume all deposits."
165," Atlanta, GA",One Georgia Bank,PR-120-2011,15-Jul-11,186.3,162.1,"Ameris Bank, Moultrie, GA has agreed to assume all deposits excluding certain brokered deposits."
166," Windsor, CO",Signature Bank,PR-119-2011,8-Jul-11,66.7,64.5,"Points West Community Bank, Julesburg, CO has agreed to assume all deposits."
167," Castle Rock, CO",Colorado Capital Bank,PR-118-2011,8-Jul-11,717.5,672.8,"First-Citizens Bank & Trust Company, Raleigh, NC has agreed to assume all deposits excluding certain brokered deposits."
168," Chicago, IL",First Chicago Bank & Trust,PR-117-2011,8-Jul-11,959.3,887.5,"Northbrook Bank & Trust Company, Northbrook, IL has agreed to assume all deposits excluding certain brokered deposits."
169," Clayton, GA",Mountain Heritage Bank,PR-110-2011,24-Jun-11,103.7,89.6,"First American Bank and Trust Company, Athens, GA has agreed to assume all deposits excluding certain brokered deposits."
170," Tampa, FL",First Commercial Bank of Tampa Bay,PR-105-2011,17-Jun-11,98.6,92.6,"Stonegate Bank, Fort Lauderdale, FL has agreed to assume all deposits excluding certain brokered deposits."
171," Jackson, GA",McIntosh State Bank,PR-104-2011,17-Jun-11,339.9,324.4,"Hamilton State Bank, Hoschton, GA has agreed to assume all deposits."
172," Charleston, SC",Atlantic Bank and Trust,PR-100-2011,3-Jun-11,208.2,191.6,"First Citizens Bank and Trust Company, Inc., Columbia, SC has agreed to assume all deposits."
173," Snohomish, WA",First Heritage Bank,PR-094-2011,27-May-11,173.5,163.3,"Columbia State Bank, Tacoma, WA has agreed to assume all deposits."
174," Burlington, WA",Summit Bank,PR-090-2011,20-May-11,142.7,131.6,"Columbia State Bank, Tacoma, WA has agreed to assume all deposits excluding certain brokered deposits."
175," Franklin, GA",First Georgia Banking Company,PR-089-2011,20-May-11,731,702.2,"CertusBank, National Association, Easley, SC has agreed to assume all deposits excluding certain brokered deposits."
176," Macon, GA",Atlantic Southern Bank,PR-089-2011,20-May-11,741.9,707.6,"CertusBank, National Association, Easley, SC has agreed to assume all deposits excluding certain brokered deposits."
177," Cocoa Beach, FL",Coastal Bank,PR-084-2011,6-May-11,129.4,123.9,"Florida Community Bank, a division of Premier American Bank, National Association, Miami, FL has agreed to assume all deposits."
178," Mount Clemens, MI",Community Central Bank,PR-080-2011,29-Apr-11,476.3,385.4,"Talmer Bank & Trust, Troy, MI has agreed to assume all deposits excluding certain brokered deposits."
179," Valdosta, GA",The Park Avenue Bank,PR-079-2011,29-Apr-11,953.3,827.7,"Bank of the Ozarks, Little Rock, AR has agreed to assume all deposits excluding certain brokered deposits."
180," Dallas, GA",First Choice Community Bank,PR-079-2011,29-Apr-11,308.5,310,"Bank of the Ozarks, Little Rock, AR has agreed to assume all deposits excluding certain brokered deposits."
181," Brooksville, FL",Cortez Community Bank,PR-078-2011,29-Apr-11,70.9,61.4,"Florida Community Bank, a division of Premier American Bank, National Association, Miami, FL has agreed to assume all deposits excluding certain brokered deposits."
182," Winter Park, FL",First National Bank of Central Florida,PR-078-2011,29-Apr-11,352,312.1,"Florida Community Bank, a division of Premier American Bank, National Association, Miami, FL has agreed to assume all deposits excluding certain brokered deposits."
183," Carthage, MS",Heritage Banking Group,PR-075-2011,15-Apr-11,224,196.2,"Trustmark National Bank, Jackson, MS has agreed to assume all deposits."
184," Rosemount, MN",Rosemount National Bank,PR-074-2011,15-Apr-11,37.6,36.6,"Central Bank, Stillwater, MN has agreed to assume all deposits."
185," Birmingham, AL",Superior Bank,PR-073-2011,15-Apr-11,3000,2700,"Superior Bank, National Association, Birmingham, AL has agreed to assume all deposits excluding certain brokered deposits."
186," Birmingham, AL",Nexity Bank,PR-072-2011,15-Apr-11,793.7,637.8,"All-star Bank of Commerce, Birmingham, AL has agreed to assume all deposits excluding certain brokered deposits."
187," East Ellijay, GA",New Horizons Bank,PR-071-2011,15-Apr-11,110.7,106.1,"Citizens South Bank, Gastonia, NC has agreed to assume all deposits excluding certain brokered deposits."
188," Cartersville, GA",Bartow County Bank,PR-070-2011,15-Apr-11,330.2,304.1,"Hamilton State Bank, Hoschton, GA has agreed to assume all deposits."
189," Las Vegas, NV",Nevada Commerce Bank,PR-065-2011,8-Apr-11,144.9,136.4,"City National Bank, Los Angeles, CA has agreed to assume all deposits excluding certain brokered deposits."
190," Western Springs, IL",Western Springs National Bank and Trust,PR-064-2011,8-Apr-11,186.8,181.9,"Heartland Bank and Trust Company, Bloomington, IL has agreed to assume all deposits."
191," Wood Dale, IL",The Bank of Commerce,PR-058-2011,25-Mar-11,163.1,161.4,"Advantage National Bank Group, Elk Grove Village, IL has agreed to assume all deposits."
192," Milwaukee, WI",Legacy Bank,PR-055-2011,11-Mar-11,190.4,183.3,"Seaway Bank and Trust Company, Chicago, IL has agreed to assume all deposits excluding certain brokered deposits."
193," Davis, OK",The First National Bank of Davis,PR-054-2011,11-Mar-11,90.2,68.3,"The Pauls Valley National Bank, Pauls Valley, OK has agreed to assume all deposits excluding certain brokered deposits."
194," St. Charles, IL",Valley Community Bank,PR-048-2011,25-Feb-11,123.8,124.2,"First State Bank, Mendota, IL has agreed to assume all deposits excluding certain brokered deposits."
195," FSB, San Luis Obispo, CA",San Luis Trust Bank,PR-041-2011,18-Feb-11,332.6,272.2,"First California Bank, Westlake Village, CA has agreed to assume all deposits excluding certain brokered deposits."
196," Napa, CA",Charter Oak Bank,PR-040-2011,18-Feb-11,120.8,105.3,"Bank of Marin, Novato, CA has agreed to assume all deposits excluding certain brokered deposits."
197," Springfield, GA",Citizens Bank of Effingham,PR-039-2011,18-Feb-11,214.3,206.5,"Heritage Bank of the South, Albany, GA has agreed to assume all deposits excluding certain brokered deposits."
198," Clarkesville, GA",Habersham Bank,PR-038-2011,18-Feb-11,387.6,339.9,"SCBT National Association, Orangeburg, SC has agreed to assume all deposits."
199," Palm Springs, CA",Canyon National Bank,PR-035-2011,11-Feb-11,210.9,205.3,"Pacific Premier Bank, Costa Mesa, CA has agreed to assume all deposits excluding certain brokered deposits."
200," Cassville, WI",Badger State Bank,PR-034-2011,11-Feb-11,83.8,78.5,"Royal Bank, Elroy, WI has agreed to assume all deposits excluding certain brokered deposits."
201," Hamtramck, MI",Peoples State Bank,PR-033-2011,11-Feb-11,390.5,389.9,"First Michigan Bank, Troy, MI has agreed to assume all deposits."
202," Port Orange, FL",Sunshine State Community Bank,PR-032-2011,11-Feb-11,125.5,116.7,"Premier American Bank, National Association, Miami, FL has agreed to assume all deposits."
203," Chicago, IL",Community First Bank - Chicago,PR-025-2011,4-Feb-11,51.1,49.5,"Northbrook Bank & Trust Company, Northbrook, IL has agreed to assume all deposits."
204," Watkinsville, GA",North Georgia Bank,PR-024-2011,4-Feb-11,153.2,139.7,"BankSouth, Greensboro, GA has agreed to assume all deposits excluding certain brokered deposits."
205," Roswell, GA",American Trust Bank,PR-023-2011,4-Feb-11,238.2,222.2,"Renasant Bank, Tupelo, MS has agreed to assume all deposits."
206," Taos, NM",First Community Bank,PR-018-2011,28-Jan-11,2310,1940,"U.S. Bank, National Association, Minneapolis, MN has agreed to assume all deposits excluding certain brokered deposits."
207," Louisville, CO",FirsTier Bank,PR-017-2011,28-Jan-11,781.5,722.8,"To protect the insured depositors, the FDIC created Deposit Insurance National Bank of Louisville - a new depository institution chartered by the Office of Thrift Supervision (OTS), which will remain open until February 28, 2011."
208," Stoughton, WI",Evergreen State Bank,PR-016-2011,28-Jan-11,246.5,195.2,"McFarland State Bank, McFarland, WI has agreed to assume all deposits excluding certain brokered deposits."
209," Camargo, OK",The First State Bank,PR-015-2011,28-Jan-11,43.5,40.3,"Bank 7, Oklahoma City, OK has agreed to assume all deposits excluding certain brokered deposits."
210," Denver, CO",United Western Bank,PR-013-2011,21-Jan-11,2050,1650,"First-Citizens Bank & Trust Co., Raleigh, NC has agreed to assume all deposits."
211," Asheville, NC",The Bank of Asheville,PR-012-2011,21-Jan-11,195.1,188.3,"First Bank, Troy, NC has agreed to assume all deposits."
212," Easley, SC",CommunitySouth Bank and Trust,PR-011-2011,21-Jan-11,440.6,402.4,"CertusBank, National Association, Charlotte, NC has agreed to assume all deposits excluding certain brokered deposits."
213," McDonough, GA",Enterprise Banking Company,PR-010-2011,21-Jan-11,100.9,95.5,"To protect the insured depositors, the FDIC created Deposit Insurance National Bank of McDonough - a new depository institution chartered by the Office of Thrift Supervision (OTS), which will remain open until January 28, 2011."
214," Brunswick, GA",Oglethorpe Bank,PR-006-2011,14-Jan-11,230.6,212.7,"Bank of the Ozarks, Little Rock, AR has agreed to assume all deposits excluding certain brokered deposits."
215," Scottsdale, AZ",Legacy Bank,PR-003-2011,7-Jan-11,150.6,125.9,"Enterprise Bank & Trust, Clayton, MO has agreed to assume all deposits."
216," Orlando, FL",First Commercial Bank of Florida,PR-002-2011,7-Jan-11,598.5,529.6,"First Southern Bank, Boca Raton, FL has agreed to assume all deposits excluding certain brokered deposits."
217," Lino Lakes, MN",Community National Bank,PR-276-2010,17-Dec-10,31.6,28.8,"Farmers & Merchants Savings Bank, Manchester, IA, has agreed to assume all deposits."
218," Batesville, AR",First Southern Bank,PR-275-2010,17-Dec-10,191.8,155.8,"Southern Bank, Poplar Bluff, MO has agreed to assume all deposits excluding certain brokered deposits."
219," National Association, Atlanta, GA",United Americas Bank,PR-274-2010,17-Dec-10,242.3,193.8,"State Bank and Trust Company, Macon, GA has agreed to assume all deposits excluding certain brokered deposits."
220," FSB, McCaysville, GA",Appalachian Community Bank,PR-273-2010,17-Dec-10,68.2,76.4,"Peoples Bank of East Tennessee, Madisonville, TN has agreed to assume all deposits excluding certain brokered deposits."
221," Dawsonville, GA",Chestatee State Bank,PR-272-2010,17-Dec-10,244.4,240.5,"Bank of the Ozarks, Little Rock, AR has agreed to assume all deposits."
222," National Association, Coral Gables, FL",The Bank of Miami,PR-271-2010,17-Dec-10,448.2,374.2,"1st United Bank, Boca Raton, FL has agreed to assume all deposits excluding certain brokered deposits."
223," Southampton, PA",Earthstar Bank,PR-264-2010,10-Dec-10,112.6,104.5,"Polonia Bank, Huntingdon Valley, PA has agreed to assume all deposits."
224," Farmington Hills, MI",Paramount Bank,PR-263-2010,10-Dec-10,252.7,213.6,"Level One Bank, Farmington Hills, MI has agreed to assume all deposits excluding certain brokered deposits."
225," Burlington, WI",First Banking Center,PR-255-2010,19-Nov-10,750.7,664.8,"First Michigan Bank, Troy, MI has agreed to assume all deposits excluding certain brokered deposits."
226," Bala Cynwyd, PA",Allegiance Bank of North America,PR-254-2010,19-Nov-10,106.6,92,"VIST Bank, Wyomissing, PA has agreed to assume all deposits excluding certain brokered deposits."
227," Carrabelle, FL",Gulf State Community Bank,PR-253-2010,19-Nov-10,112.1,112.2,"Centennial Bank, Conway, AR has agreed to assume all deposits excluding certain brokered deposits."
228," Scottsdale, AZ",Copper Star Bank,PR-250-2010,12-Nov-10,204,190.2,"Stearns Bank National Association, Saint Cloud, MN has agreed to assume all deposits excluding certain brokered deposits."
229," Vidalia, GA",Darby Bank & Trust Co.,PR-249-2010,12-Nov-10,654.7,587.6,"Ameris Bank, Moultrie, GA has agreed to assume all deposits excluding certain brokered deposits."
230," Tifton, GA",Tifton Banking Company,PR-249-2010,12-Nov-10,143.7,141.6,"Ameris Bank, Moultrie, GA has agreed to assume all deposits including certain brokered deposits."
231," Westminster, CA",First Vietnamese American Bank,PR-245-2010,5-Nov-10,48,47,"Grandpoint Bank, Los Angeles, CA has agreed to assume all deposits excluding certain brokered deposits."
232," Tacoma, WA",Pierce Commercial Bank,PR-244-2010,5-Nov-10,221.1,193.5,"Heritage Bank, Olympia, WA has agreed to assume all deposits."
233," Woodland Hills, CA",Western Commercial Bank,PR-243-2010,5-Nov-10,98.6,101.1,"First California Bank, Westlake Village, CA has agreed to assume all deposits."
234," Randallstown, MD",K Bank,PR-242-2010,5-Nov-10,538.3,500.1,"Manufacturers and Traders Trust Company, Buffalo, NY has agreed to assume all deposits excluding certain brokered deposits."
235," A FSB, Scottsdale, AZ",First Arizona Savings,PR-237-2010,22-Oct-10,272.2,198.8,"The FDIC has approved the payout of the insured deposits of First Arizona Savings, A FSB."
236," Overland Park, KS",Hillcrest Bank,PR-236-2010,22-Oct-10,1650,1540,"Hillcrest Bank, National Association, Overland Park, KS has agreed to assume all deposits excluding certain brokered deposits."
237," Maywood, IL",First Suburban National Bank,PR-235-2010,22-Oct-10,148.7,140,"Seaway Bank and Trust Company, Chicago, IL has agreed to assume all deposits excluding certain brokered deposits."
238," Barnesville, GA",The First National Bank of Barnesville,PR-234-2010,22-Oct-10,131.4,127.1,"United Bank, Zebulon, GA has agreed to assume all deposits excluding certain brokered deposits."
239," Gordon, GA",The Gordon Bank,PR-233-2010,22-Oct-10,29.4,26.7,"Morris Bank, Dublin, GA has agreed to assume all deposits."
240," Tampa, FL",Progress Bank of Florida,PR-232-2010,22-Oct-10,110.7,101.3,"Bay Cities Bank, Tampa, FL has agreed to assume all deposits excluding certain brokered deposits."
241," Jacksonville, FL",First Bank of Jacksonville,PR-231-2010,22-Oct-10,81,77.3,"Ameris Bank, Moultrie, GA has agreed to assume all deposits."
242," Jefferson City, MO",Premier Bank,PR-228-2010,15-Oct-10,1180,1030,"Providence Bank, Columbia, MO has agreed to assume all deposits excluding certain brokered deposits."
243," Chesterfield, MO",WestBridge Bank and Trust Company,PR-227-2010,15-Oct-10,91.5,72.5,"Midland States Bank, Effingham, IL has agreed to assume all deposits excluding certain brokered deposits."
244," F.S.B., Olathe, KS",Security Savings Bank,PR-226-2010,15-Oct-10,508.4,397,"Simmons First National Bank, Pine Bluff, AR has agreed to assume all deposits."
245," Shoreline, WA",Shoreline Bank,PR-221-2010,1-Oct-10,104.2,100.2,"GBC International Bank, Los Angeles, CA has agreed to assume all deposits excluding certain brokered deposits."
246," Crawfordville, FL",Wakulla Bank,PR-220-2010,1-Oct-10,424.1,386.3,"Centennial Bank, Conway, AR has agreed to assume all deposits excluding certain brokered deposits."
247," Arlington, WA",North County Bank,PR-215-2010,24-Sep-10,288.8,276.1,"Whidbey Island Bank, Coupeville, WA has agreed to assume all deposits excluding certain brokered deposits."
248," Ponte Vedra Beach, FL",Haven Trust Bank Florida,PR-214-2010,24-Sep-10,148.6,133.6,"First Southern Bank, Boca Raton, FL has agreed to assume all deposits excluding certain brokered deposits."
249," West Allis, WI",Maritime Savings Bank,PR-210-2010,17-Sep-10,350.5,248.1,"North Shore Bank, FSB, Brookfield, WI has agreed to assume all deposits excluding certain brokered deposits."
250," Milford, OH",Bramble Savings Bank,PR-209-2010,17-Sep-10,47.5,41.6,"Foundation Bank, Cincinnati, OH has agreed to assume all deposits excluding certain brokered deposits."
251," Winder, GA",The Peoples Bank,PR-208-2010,17-Sep-10,447.2,398.2,"Community & Southern Bank, Carrollton, GA has agreed to assume all deposits excluding certain brokered deposits."
252," Douglasville, GA",First Commerce Community Bank,PR-208-2010,17-Sep-10,248.2,242.8,"Community & Southern Bank, Carrollton, GA has agreed to assume all deposits excluding certain brokered deposits."
253," Ellijay, GA",Bank of Ellijay,PR-208-2010,17-Sep-10,168.8,160.7,"Community & Southern Bank, Carrollton, GA has agreed to assume all deposits."
254," Cherry Hill, NJ",ISN Bank,PR-207-2010,17-Sep-10,81.6,79.7,"New Century Bank, Phoenixville, PA has agreed to assume all deposits excluding certain brokered deposits."
255," Bradenton, FL",Horizon Bank,PR-205-2010,10-Sep-10,187.8,164.6,"Bank of the Ozarks, Little Rock, AR has agreed to assume all deposits excluding certain brokered deposits."
256," Sonoma, CA",Sonoma Valley Bank,PR-196-2010,20-Aug-10,337.1,255.5,"Westamerica Bank, San Rafael, CA has agreed to assume all deposits."
257," Solvang, CA",Los Padres Bank,PR-195-2010,20-Aug-10,870.4,770.7,"Pacific Western Bank, San Diego, CA has agreed to assume all deposits."
258," Chico, CA",Butte Community Bank,PR-194-2010,20-Aug-10,498.8,471.3,"Rabobank, National Association, El Centro, CA has agreed to assume all deposits."
259," Stockton, CA",Pacific State Bank,PR-194-2010,20-Aug-10,312.1,278.8,"Rabobank, National Association, El Centro, CA has agreed to assume all deposits, excluding certain brokered deposits."
260," Chicago, IL",ShoreBank,PR-193-2010,20-Aug-10,2160,1540,"Urban Partnership Bank, Chicago, IL has agreed to assume all deposits, excluding certain brokered deposits."
261," Martinsville, VA",Imperial Savings and Loan Association,PR-192-2010,20-Aug-10,9.4,10.1,"River Community Bank, National Association (N.A), Martinsville, VA has agreed to assume all deposits."
262," Ocala, FL",Independent National Bank,PR-191-2010,20-Aug-10,156.2,141.9,"CenterState Bank of Florida, National Association, Winter Haven, FL has agreed to assume all deposits."
263," Bartow, FL",Community National Bank at Bartow,PR-191-2010,20-Aug-10,67.9,63.7,"CenterState Bank of Florida, National Association, Winter Haven, FL has agreed to assume all deposits, excluding certain brokered deposits."
264," Palos Heights, IL",Palos Bank and Trust Company,PR-189-2010,13-Aug-10,493.4,467.8,"First Midwest Bank, Itasca, IL has agreed to assume all deposits."
265," Chicago, IL",Ravenswood Bank,PR-181-2010,6-Aug-10,264.6,269.5,"Northbrook Bank and Trust Company, Northbrook, IL has agreed to assume all deposits, excluding certain brokered deposits."
266," Eugene, OR",LibertyBank,PR-176-2010,30-Jul-10,768.2,718.5,"Home Federal Bank, Nampa, ID has agreed to assume all deposits."
267," Longview, WA",The Cowlitz Bank,PR-175-2010,30-Jul-10,529.3,513.9,"Heritage Bank, Olympia, WA has agreed to assume all deposits, excluding certain brokered deposits."
268," Panama City Beach, FL",Coastal Community Bank,PR-174-2010,30-Jul-10,372.9,363.2,"Centennial Bank, Conway, AR has agreed to assume all deposits."
269," Port Saint Joe, FL",Bayside Savings Bank,PR-174-2010,30-Jul-10,66.1,52.4,"Centennial Bank, Conway, AR has agreed to assume all deposits."
270," Acworth, GA",NorthWest Bank and Trust,PR-172-2010,30-Jul-10,167.7,159.4,"State Bank and Trust Company, Macon Georgia, has agreed to assume all deposits, excluding certain brokered deposits."
271," Cave Junction, OR",Home Valley Bank,PR-169-2010,23-Jul-10,251.8,229.6,"South Valley Bank & Trust, Klamath Falls, OR has agreed to assume all deposits."
272," Las Vegas, NV",SouthwestUSA Bank,PR-168-2010,23-Jul-10,214,186.7,"Plaza Bank, Irvine, CA has agreed to assume all deposits, excluding certain brokered deposits."
273," New Prague, MN",Community Security Bank,PR-167-2010,23-Jul-10,108,99.7,"Roundbank, Waseca, MN has agreed to assume all deposits."
274," Sylvan Grove, KS",Thunder Bank,PR-166-2010,23-Jul-10,32.6,28.5,"The Bennington State Bank, Salina, KS has agreed to assume all deposits, excluding certain brokered deposits."
275," Kingstree, SC",Williamsburg First National Bank,PR-165-2010,23-Jul-10,139.3,134.3,"First Citizens Bank and Trust Company, Inc., Columbia, SC has agreed to assume all deposits, excluding certain brokered deposits."
276," Jasper, GA",Crescent Bank and Trust Company,PR-164-2010,23-Jul-10,1010,965.7,"The Renasant Bank, Tupelo, MS has agreed to assume all deposits, excluding certain brokered deposits."
277," Lantana, FL",Sterling Bank,PR-163-2010,23-Jul-10,407.9,372.4,"IBERIABANK, Lafayette, LA has agreed to assume all deposits, excluding certain brokered deposits."
278," FSB, Hastings, MI",Mainstreet Savings Bank,PR-159-2010,16-Jul-10,97.4,63.7,"Commercial Bank, Alma, MI has agreed to assume all deposits."
279," Clewiston, FL",Olde Cypress Community Bank,PR-158-2010,16-Jul-10,168.7,162.4,"CenterState Bank of Florida, National Association, Winter Haven, FL has agreed to assume all deposits, excluding certain brokered deposits."
280," Aventura, FL",Turnberry Bank,PR-157-2010,16-Jul-10,263.9,196.9,"NAFH National Bank, Miami, FL has agreed to assume all deposits."
281," Miami, FL",Metro Bank of Dade County,PR-157-2010,16-Jul-10,442.3,391.3,"NAFH National Bank, Miami, FL has agreed to assume all deposits, excluding certain brokered deposits."
282," Spartanburg, SC",First National Bank of the South,PR-157-2010,16-Jul-10,682,610.1,"NAFH National Bank, Miami, FL has agreed to assume all deposits, excluding certain brokered deposits."
283," Bluffton, SC",Woodlands Bank,PR-156-2010,16-Jul-10,376.2,355.3,"Bank of the Ozarks, Little Rock, AR has agreed to assume all deposits, excluding certain brokered deposits."
284," Blackwell, OK",Home National Bank,PR-152-2010,9-Jul-10,644.5,560.7,"RCB Bank, Claremore, OK has agreed to assume all deposits."
285," Port Chester, NY",USA Bank,PR-151-2010,9-Jul-10,193.3,189.9,"The FDIC entered into a purchase and assumption agreement with New Century Bank (doing business as Customer's 1st Bank), Phoenixville, PA, to assume all of the deposits of USA Bank."
286," Baltimore, MD",Ideal Federal Savings Bank,PR-150-2010,9-Jul-10,6.3,5.8,The FDIC has approved the payout of the insured deposits of Ideal Federal Savings Bank.
287," Baltimore, MD",Bay National Bank,PR-149-2010,9-Jul-10,282.2,276.1,"To protect the depositors, the FDIC entered into a purchase and assumption agreement with Bay Bank, FSB, Lutherville, MD, to assume all of the deposits of Bay National Bank."
288," Albuquerque, NM",High Desert State Bank,PR-145-2010,25-Jun-10,80.3,81,"First American Bank, Artesia, NM, has agreed to assume all deposits."
289," Savannah, GA",First National Bank,PR-144-2010,25-Jun-10,252.5,231.9,"The Savannah Bank, National Association, Savannah, GA has agreed to assume all deposits, excluding certain brokered deposits."
290," Englewood, FL",Peninsula Bank,PR-143-2010,25-Jun-10,644.3,580.1,"Premier American Bank, Miami, FL has agreed to assume all deposits excluding certain brokered deposits."
291," Reno, NV",Nevada Security Bank,PR-137-2010,18-Jun-10,480.3,479.8,"Umpqua Bank, Roseburg, OR has agreed to assume all deposits, excluding certain brokered deposits."
292," Seattle, WA",Washington First International Bank,PR-133-2010,11-Jun-10,520.9,441.4,"East West Bank, Pasadena, CA has agreed to assume all deposits."
293," Lincoln, NE",TierOne Bank,PR-132-2010,4-Jun-10,2800,2200,"Great Western Bank, Sioux Falls, SD has agreed to assume all deposits."
294," Arcola, IL",Arcola Homestead Savings Bank,PR-131-2010,4-Jun-10,17,18.1,The FDIC has approved the payout of the insured deposits of Arcola Homestead Savings Bank.
295," Rosedale, MS",First National Bank,PR-130-2010,4-Jun-10,60.4,63.5,"Jefferson Bank, Fayette, MS has agreed to assume all deposits."
296," Las Vegas, NV",Sun West Bank,PR-127-2010,28-May-10,360.7,353.9,"City National Bank, Los Angeles, CA has agreed to assume all deposits, excluding certain brokered deposits."
297," NA, Granite Bay, CA",Granite Community Bank,PR-126-2010,28-May-10,102.9,94.2,"Tri Counties Bank, Chico, CA has agreed to assume all deposits."
298," Tampa, FL",Bank of Florida - Tampa Bay,PR-125-2010,28-May-10,245.2,224,"EverBank, Jacksonville, FL has agreed to assume all deposits, excluding certain brokered deposits."
299," Naples, FL",Bank of Florida - Southwest,PR-125-2010,28-May-10,640.9,559.9,"EverBank, Jacksonville, FL has agreed to assume all deposits, excluding certain brokered deposits."
300," Fort Lauderdale, FL",Bank of Florida - Southeast,PR-125-2010,28-May-10,595.3,531.7,"EverBank, Jacksonville, FL has agreed to assume all deposits, excluding certain brokered deposits."
301," St. Paul, MN",Pinehurst Bank,PR-118-2010,21-May-10,61.2,58.3,"Coulee Bank, La Crosse, WI has agreed to assume all deposits."
302," Elmwood Park, IL",Midwest Bank and Trust Company,PR-116-2010,14-May-10,3170,2420,"FirstMerit Bank, National Association, Akron, OH has agreed to assume all deposits."
303," Springfield, MO",Southwest Community Bank,PR-115-2010,14-May-10,96.6,102.5,"Simmons First National Bank, Pine Bluff, AR has agreed to assume all deposits."
304," Plymouth, MI",New Liberty Bank,PR-114-2010,14-May-10,109.1,101.8,"Bank of Ann Arbor, Ann Arbor, MI has agreed to assume all deposits, excluding certain brokered deposits."
305," Saint Marys, GA",Satilla Community Bank,PR-113-2010,14-May-10,135.7,134,"Ameris Bank, Moultrie, GA has agreed to assume all deposits, excluding certain brokered deposits."
306," San Diego, CA",1st Pacific Bank of California,PR-109-2010,7-May-10,335.8,291.2,"City National Bank, Los Angeles, CA has agreed to assume all deposits, excluding certain brokered deposits."
307," Mesa, AZ",Towne Bank of Arizona,PR-108-2010,7-May-10,120.2,113.2,"Commerce Bank of Arizona, Mesa, AZ has agreed to assume all deposits, excluding certain brokered deposits."
308," Champlin, MN",Access Bank,PR-107-2010,7-May-10,32,32,"PrinsBank, Prinsburg, MN has agreed to assume all deposits."
309," Bonifay, FL",The Bank of Bonifay,PR-106-2010,7-May-10,242.9,230.2,"First Federal Bank of Florida, Lake City, FL has agreed to assume all deposits."
310," Everett, WA",Frontier Bank,PR-101-2010,30-Apr-10,3500,3130,"Union Bank, National Association, San Francisco, CA has agreed to assume all deposits, excluding certain brokered deposits."
311," Butler, MO",BC National Banks,PR-100-2010,30-Apr-10,67.2,54.9,"Community First Bank, Butler, MO has agreed to assume all deposits."
312," Creve Coeur, MO",Champion Bank,PR-099-2010,30-Apr-10,187.3,153.8,"BankLiberty, Liberty, PR has agreed to assume all deposits, excluding certain brokered deposits."
313," Port Huron, MI",CF Bancorp,PR-098-2010,30-Apr-10,1650,1430,"First Michigan Bank, Troy, MI has agreed to assume all deposits, excluding certain brokered deposits."
314," Mayaguez, PR",Westernbank Puerto Rico,PR-097-2010,30-Apr-10,11940,8620,"Banco Popular de Puerto Rico, San Juan, PR has agreed to assume all deposits, excluding certain brokered deposits."
315," Hato Rey, PR",R-G Premier Bank of Puerto Rico,PR-096-2010,30-Apr-10,5920,4250,"Scotiabank de Puerto Rico, San Juan, PR has agreed to assume all deposits, excluding certain brokered deposits."
316," San Juan, PR",Eurobank,PR-095-2010,30-Apr-10,2560,1970,"Oriental Bank and Trust, San Juan, PR has agreed to assume all deposits, excluding certain brokered deposits."
317," Naperville, IL",Wheatland Bank,PR-090-2010,23-Apr-10,437.2,438.5,"Wheaton Bank & Trust, Wheaton, IL has agreed to assume all deposits, excluding certain brokered deposits."
318," Peotone, IL",Peotone Bank and Trust Company,PR-089-2010,23-Apr-10,130.2,127,"First Midwest Bank, Itasca, IL has agreed to assume all deposits, excluding certain brokered deposits."
319," Chicago, IL",Lincoln Park Savings Bank,PR-088-2010,23-Apr-10,199.9,171.5,"Northbrook Bank and Trust Company, Northbrook, IL has agreed to assume all deposits."
320," Chicago, IL",New Century Bank,PR-087-2010,23-Apr-10,485.6,492,"MB Financial Bank, National Association, Chicago, IL has agreed to assume all deposits."
321," Chicago, IL",Citizens Bank & Trust Company of Chicago,PR-086-2010,23-Apr-10,77.3,74.5,"Republic Bank of Chicago, Oak Brook, IL has agreed to assume all deposits."
322," Chicago, IL",Broadway Bank,PR-085-2010,23-Apr-10,1200,1100,"MB Financial Bank, National Association, Chicago, IL has agreed to assume all deposits, excluding certain brokered deposits."
323," National Association, Rockford, IL",Amcore Bank,PR-084-2010,23-Apr-10,3800,3400,"Harris National Association, Chicago, IL has agreed to assume all deposits, excluding certain brokered deposits."
324," Lynnwood, WA",City Bank,PR-082-2010,16-Apr-10,1130,1020,"Whidbey Island Bank, Coupeville, WA has agreed to assume all deposits, excluding certain brokered deposits."
325," San Rafael, CA",Tamalpais Bank,PR-081-2010,16-Apr-10,628.9,487.6,"Union Bank, National Association, San Francisco, CA has agreed to assume all deposits, excluding certain brokered deposits."
326," Oakland, CA",Innovative Bank,PR-080-2010,16-Apr-10,268.9,225.2,"Center Bank, Los Angeles, CA has agreed to assume all deposits, excluding certain brokered deposits."
327," Lowell, MA",Butler Bank,PR-079-2010,16-Apr-10,268,233.2,"People's United Bank, Bridgeport, CT has agreed to assume all deposits."
328," Fort Pierce, FL",Riverside National Bank of Florida,PR-078-2010,16-Apr-10,3420,2760,"TD Bank, National Association, Wilmington, DE has agreed to assume all deposits, excluding certain brokered deposits."
329," Clermont, FL",AmericanFirst Bank,PR-078-2010,16-Apr-10,90.5,81.9,"TD Bank, National Association, Wilmington, DE has agreed to assume all deposits, excluding certain brokered deposits."
330," Palatka, FL",First Federal Bank of North Florida,PR-078-2010,16-Apr-10,393.3,324.2,"TD Bank, National Association, Wilmington, DE has agreed to assume all deposits."
331," Sterling Heights, MI",Lakeside Community Bank,PR-077-2010,16-Apr-10,53,52.3,The FDIC has approved the payout of the insured deposits of Lakeside Community Bank.
332," Myrtle Beach, SC",Beach First National Bank,PR-073-2010,9-Apr-10,585.1,516,"Bank of North Carolina, Thomasville, NC has agreed to assume all deposits, excluding certain brokered deposits."
333," Phoenix, AZ",Desert Hills Bank,PR-069-2010,26-Mar-10,496.6,426.5,"New York Community Bank, Westbury, NY has agreed to assume all deposits, excluding certain brokered deposits."
334," Cartersville, GA",Unity National Bank,PR-068-2010,26-Mar-10,292.2,264.3,"Bank of the Ozarks, Little Rock, AR has agreed to assume all deposits, excluding certain brokered deposits."
335," Key West, FL",Key West Bank,PR-067-2010,26-Mar-10,88,67.7,"Centennial Bank, Conway, AR has agreed to assume all deposits, excluding certain brokered deposits."
336," Carrollton, GA",McIntosh Commercial Bank,PR-066-2010,26-Mar-10,362.9,343.3,"CharterBank, West Point, GA has agreed to assume all deposits, excluding certain brokered deposits."
337," Aurora, MN",State Bank of Aurora,PR-062-2010,19-Mar-10,28.2,27.8,"Northern State Bank, Ashland, WI has agreed to assume all deposits."
338," Fort Deposit, AL",First Lowndes Bank,PR-061-2010,19-Mar-10,137.2,131.1,"First Citizens Bank, Luverne, AL has agreed to assume all deposits."
339," Hiawassee, GA",Bank of Hiawassee,PR-060-2010,19-Mar-10,377.8,339.6,"Citizens South Bank, Gastonia, NC has agreed to assume all deposits, excluding certain brokered deposits."
340," Ellijay, GA",Appalachian Community Bank,PR-059-2010,19-Mar-10,1010,917.6,"Community & Southern Bank, Carrollton, GA has agreed to assume all deposits."
341," Draper, UT",Advanta Bank Corp.,PR-058-2010,19-Mar-10,1600,1500,The FDIC has approved the payout of the insured deposits of Advanta Bank Corp.
342," Duluth, GA",Century Security Bank,PR-057-2010,19-Mar-10,96.5,94,"Bank of Upson, Thomaston, GA has agreed to assume all deposits, excluding certain brokered deposits."
343," Parma, OH",American National Bank,PR-056-2010,19-Mar-10,70.3,66.8,"The National Bank and Trust Company, Wilmington, OH has agreed to assume all deposits, excluding certain brokered deposits."
344," Covington, LA",Statewide Bank,PR-053-2010,12-Mar-10,243.2,208.8,"Home Bank, Lafayette, LA has agreed to assume all deposits."
345," Orlando, FL",Old Southern Bank,PR-052-2010,12-Mar-10,315.6,319.7,"Centennial Bank, Conway, AR has agreed to assume all deposits."
346," New York, NY",Park Avenue Bank,PR-051-2010,12-Mar-10,520.1,494.5,"Valley National Bank, Wayne, NJ has agreed to assume all deposits, excluding certain brokered deposits."
347," New York, NY",LibertyPointe Bank,PR-049-2010,11-Mar-10,209.7,209.5,"Valley National Bank, Wayne, NJ has agreed to assume all deposits."
348," Ogden, UT",Centennial Bank,PR-046-2010,5-Mar-10,215.2,205.1,The FDIC has approved the payout of the insured deposits of Centennial Bank.
349," Germantown, MD",Waterfield Bank,PR-045-2010,5-Mar-10,155.6,156.4,"To protect the insured depositors, the FDIC created Waterfield Bank, FA - a new depository institution chartered by the Office of Thrift Supervision (OTS) and insured by the FDIC - to take over the operations of Waterfield Bank. The FDIC will mail checks directly to customers with CDs and IRAs for the amount of their insured funds."
350," Normal, IL",Bank of Illinois,PR-044-2010,5-Mar-10,211.7,198.5,"Heartland Bank and Trust Company, Bloomington, IL has agreed to assume all deposits, excluding certain brokered deposits."
351," Boca Raton, FL",Sun American Bank,PR-043-2010,5-Mar-10,535.7,443.5,"First-Citizens Bank & Trust Company, Raleigh, NC has agreed to assume all deposits, excluding certain brokered deposits."
352," Tacoma, WA",Rainier Pacific Bank,PR-041-2010,26-Feb-10,717.8,446.2,"Umpqua Bank, Roseburg, OR has agreed to assume all deposits, excluding certain brokered deposits."
353," Carson City, NV",Carson River Community Bank,PR-040-2010,26-Feb-10,51.1,50,"Heritage Bank of Nevada, Reno, NV has agreed to assume all deposits, excluding certain brokered deposits."
354," FSB, La Jolla, CA",La Jolla Bank,PR-034-2010,19-Feb-10,3600,2800,"OneWest Bank, FSB, Pasadena, CA has agreed to assume all deposits."
355," Orland Park, IL",George Washington Savings Bank,PR-033-2010,19-Feb-10,412.8,395.3,"FirstMerit Bank, National Association, Akron, OH has agreed to assume all deposits."
356," La Coste, TX",The La Coste National Bank,PR-032-2010,19-Feb-10,53.9,49.3,"Community National Bank, Hondo, TX has agreed to assume all deposits."
357," Marco Island, FL",Marco Community Bank,PR-031-2010,19-Feb-10,119.6,117.1,"Mutual of Omaha Bank, Omaha, NE has agreed to assume all deposits, excluding certain brokered deposits."
358," Hancock, MN",1st American State Bank of Minnesota,PR-030-2010,5-Feb-10,18.2,16.3,"Community Development Bank, FSB, Ogema, MN has agreed to assume all deposits."
359," Bainbridge Island, WA",American Marine Bank,PR-027-2010,29-Jan-10,373.2,308.5,"Columbia State Bank, Tacoma, WA has agreed to assume all deposits, excluding certain brokered deposits."
360," Los Angeles, CA",First Regional Bank,PR-026-2010,29-Jan-10,2180,1870,"First-Citizens Bank & Trust Company, Raleigh, NC has agreed to assume all deposits, excluding certain brokered deposits."
361," Cornelia, GA",Community Bank and Trust,PR-025-2010,29-Jan-10,1210,1110,"SCBT National Association, Orangeburg, SC has agreed to assume all deposits, excluding certain brokered deposits."
362," National Association, Hallock, MN",Marshall Bank,PR-024-2010,29-Jan-10,59.9,54.7,"United Valley Bank, Cavalier, ND has agreed to assume all deposits."
363," Immokalee, FL",Florida Community Bank,PR-023-2010,29-Jan-10,875.5,795.5,"Premier American Bank, National Association, Miami, FL has agreed to assume all deposits, excluding certain brokered deposits."
364," Carrollton, GA",First National Bank of Georgia,PR-022-2010,29-Jan-10,832.6,757.9,"Community and Southern Bank, Carrollton, GA has agreed to assume all deposits, excluding certain brokered deposits."
365," The Dalles, OR",Columbia River Bank,PR-018-2010,22-Jan-10,1100,1000,"Columbia State Bank, Tacoma, WA has agreed to assume all deposits."
366," Seattle, WA",Evergreen Bank,PR-017-2010,22-Jan-10,488.5,439.4,"Umpqua Bank, Roseburg, OR has agreed to assume all deposits, excluding certain brokered deposits."
367," Santa Fe, NM",Charter Bank,PR-016-2010,22-Jan-10,1200,851.5,"Charter Bank, Albuquerque, NM has agreed to assume all deposits, excluding certain brokered deposits."
368," Leeton, MO",Bank of Leeton,PR-015-2010,22-Jan-10,20.1,20.4,"Sunflower Bank, National Association, Salina, KS has agreed to assume all deposits."
369," Miami, FL",Premier American Bank,PR-014-2010,22-Jan-10,350.9,326.3,"Premier American Bank, National Association, Miami, FL has agreed to assume all deposits, excluding certain brokered deposits."
370," Kaysville, UT",Barnes Banking Company,PR-010-2010,15-Jan-10,827.8,786.5,"The FDIC has created the Deposit Insurance National Bank of Kaysville, UT (""DINB of Kaysville"") to facilitate the resolution of Barnes Banking Company, Kaysville, UT."
371," St. Stephen, MN",St. Stephen State Bank,PR-009-2010,15-Jan-10,24.7,23.4,"First State Bank of St. Joseph, St. Joseph, MN has agreed to assume all deposits."
372," Antioch, IL",Town Community Bank and Trust,PR-008-2010,15-Jan-10,69.6,67.4,"First American Bank, Elk Grove Village, IL has agreed to assume all deposits, excluding certain brokered deposits."
373," Bellingham, WA",Horizon Bank,PR-004-2010,8-Jan-10,1300,1100,"Washington Federal Savings and Loan Association, Seattle, WA has agreed to assume all deposits, excluding certain brokered deposits."
374," F.S.B., Santa Monica, CA",First Federal Bank of California,PR-239-2009,18-Dec-09,6100,4500,"OneWest Bank, FSB, Pasadena, CA has agreed to assume all deposits."
375," La Jolla, CA",Imperial Capital Bank,PR-238-2009,18-Dec-09,4000,2800,"City National Bank, Los Angeles, CA has agreed to assume all deposits, excluding certain brokered deposits."
376," Springfield, IL",Independent Bankers' Bank,PR-237-2009;  PR-006-2010,18-Dec-09,585.5,511.5,"The FDIC created a bridge bank, Independent Bankers' Bank Bridge Bank (IBB Bridge Bank, National Association), to take over operations."
377," Irondale, AL",New South Federal Savings Bank,PR-236-2009,18-Dec-09,1500,1200,"Beal Bank, Plano, TX has agreed to assume all deposits."
378," New Baltimore, MI",Citizens State Bank,PR-235-2009,18-Dec-09,168.6,157.1,"Deposit Insurance National Bank of New Baltimore, New Baltimore, MI has agreed to assume insured deposits."
379," Panama City, FL",Peoples First Community Bank,PR-234-2009,18-Dec-09,1800,1700,"Hancock Bank, Gulfport, MS has agreed to assume all deposits, excluding certain brokered deposits."
380," Atlanta, GA",RockBridge Commercial Bank,PR-233-2009,18-Dec-09,294,291.7,The FDIC has approved the payout of the insured deposits of RockBridge Commercial Bank.
381," Overland Park, KS",SolutionsBank,PR-227-2009,11-Dec-09,511.1,421.3,"Arvest Bank, Fayetteville, AR has agreed to assume all deposits, excluding certain brokered deposits."
382," National Association, Mesa, AZ",Valley Capital Bank,PR-226-2009,11-Dec-09,40.3,41.3,"Enterprise Bank & Trust, Clayton, MO has agreed to assume all deposits."
383," National Association, Miami, FL",Republic Federal Bank,PR-225-2009,11-Dec-09,433,352.7,"1st United Bank, Boca Raton, FL has agreed to assume all deposits, excluding certain brokered deposits."
384," Reston, VA",Greater Atlantic Bank,PR-224-2009,4-Dec-09,203,179,"Sonabank, McLean, VA has agreed to assume all deposits."
385," Aurora, IL",Benchmark Bank,PR-223-2009,4-Dec-09,170,181,"MB Financial Bank, National Association, Chicago, IL has agreed to assume all deposits, excluding certain brokered deposits."
386," Cleveland, OH",AmTrust Bank,PR-222-2009,4-Dec-09,12000,8000,"New York Community Bank, Westbury, NY has agreed to assume all deposits."
387," Reidsville, GA",The Tattnall Bank,PR-221-2009,4-Dec-09,49.6,47.3,"HeritageBank of the South, Albany, GA has agreed to assume all deposits, excluding certain brokered deposits."
388," Norcross, GA",First Security National Bank,PR-220-2009,4-Dec-09,128,123,"State Bank and Trust Company, Macon, GA has agreed to assume all deposits, excluding certain brokered deposits."
389," Atlanta, GA",The Buckhead Community Bank,PR-219-2009,4-Dec-09,874,838,"State Bank and Trust Company, Macon, GA has agreed to assume all deposits, excluding certain brokered deposits."
390," Fort Myers, FL",Commerce Bank of Southwest Florida,PR-211-2009,20-Nov-09,79.7,76.7,"Central Bank, Stillwater, MN has agreed to assume all deposits, excluding certain brokered deposits."
391," San Clemente, CA",Pacific Coast National Bank,PR-207-2009,13-Nov-09,134.4,130.9,"Sunwest Bank, Tustin, CA has agreed to assume all deposits, excluding certain brokered deposits."
392," Naples, FL",Orion Bank,PR-206-2009,13-Nov-09,2700,2100,"IBERIABANK, Lafayette, LA has agreed to assume all deposits, excluding certain brokered deposits."
393," a Federal Savings Bank, Sarasota, FL",Century Bank,PR-205-2009,13-Nov-09,728,631,"IBERIABANK, Lafayette, LA has agreed to assume all deposits, excluding certain brokered deposits."
394," San Francisco, CA",United Commercial Bank,PR-201-2009,6-Nov-09,11200,7500,"East West Bank, Pasadena, CA has agreed to assume all deposits, excluding certain brokered deposits."
395," St. Louis, MO",Gateway Bank of St. Louis,PR-200-2009,6-Nov-09,27.7,27.9,"Central Bank of Kansas City, Kansas City, MO has agreed to assume all deposits."
396," Oakdale, MN",Prosperan Bank,PR-199-2009,6-Nov-09,199.5,175.6,"Alerus Financial, National Association, Grand Forks, ND has agreed to assume all deposits, excluding certain brokered deposits."
397," Detroit, MI",Home Federal Savings Bank,PR-198-2009,6-Nov-09,14.9,12.8,"Liberty Bank and Trust Company, New Orleans, LA has agreed to assume all deposits."
398," Sparta, GA",United Security Bank,PR-197-2009,6-Nov-09,157,150,"Ameris Bank, Moultrie, GA has agreed to assume all deposits, excluding certain brokered deposits."
399," Houston, TX",North Houston Bank,PR-195-2009,30-Oct-09,326.2,308,"U.S. Bank National Association, Minneapolis, MN has agreed to assume all deposits."
400," Madisonville, TX",Madisonville State Bank,PR-195-2009,30-Oct-09,256.7,225.2,"U.S. Bank National Association, Minneapolis, MN has agreed to assume all deposits."
401," Teague, TX",Citizens National Bank,PR-195-2009,30-Oct-09,118.2,97.7,"U.S. Bank National Association, Minneapolis, MN has agreed to assume all deposits."
402," Chicago, IL",Park National Bank,PR-195-2009,30-Oct-09,4706.1,3730.9,"U.S. Bank National Association, Minneapolis, MN has agreed to assume all deposits."
403," San Francisco, CA",Pacific National Bank,PR-195-2009,30-Oct-09,2335.3,1762.8,"U.S. Bank National Association, Minneapolis, MN has agreed to assume all deposits."
404," Los Angeles, CA",California National Bank,PR-195-2009,30-Oct-09,7792.2,6160.4,"U.S. Bank National Association, Minneapolis, MN has agreed to assume all deposits."
405," San Diego, CA",San Diego National Bank,PR-195-2009,30-Oct-09,3608.1,2892.4,"U.S. Bank National Association, Minneapolis, MN has agreed to assume all deposits."
406," Lemont, IL",Community Bank of Lemont,PR-195-2009,30-Oct-09,81.8,81.2,"U.S. Bank National Association, Minneapolis, MN has agreed to assume all deposits."
407," National Association, Phoenix, AZ",Bank USA,PR-195-2009,30-Oct-09,212.8,117.1,"U.S. Bank National Association, Minneapolis, MN has agreed to assume all deposits."
408," Westmont, IL",First DuPage Bank,PR-192-2009,23-Oct-09,279,254,"First Midwest Bank, Itasca, IL has agreed to assume all deposits, excluding certain brokered deposits."
409," Otsego, MN",Riverview Community Bank,PR-191-2009,23-Oct-09,108,80,"Central Bank, Stillwater, MN has agreed to assume all deposits."
410," Racine, WI",Bank of Elmwood,PR-190-2009,23-Oct-09,327.4,273.2,"Tri City National Bank, Oak Creek, WI has agreed to assume all deposits, excluding certain brokered deposits."
411," Bradenton, FL",Flagship National Bank,PR-189-2009,23-Oct-09,190,175,"First Federal Bank of Florida, Lake City, FL has agreed to assume all deposits."
412," Naples, FL",Hillcrest Bank Florida,PR-188-2009,23-Oct-09,83,84,"Stonegate Bank, Fort Lauderdale, FL has agreed to assume all deposits, excluding certain brokered deposits."
413," Lawrenceville, GA",American United Bank,PR-187-2009,23-Oct-09,111,101,"Ameris Bank, Moultrie, GA has agreed to assume all deposits."
414," Naples, FL",Partners Bank,PR-186-2009,23-Oct-09,65.5,64.9,"Stonegate Bank, Fort Lauderdale, FL has agreed to assume all deposits."
415," Bakersfield, CA",San Joaquin Bank,PR-185-2009,16-Oct-09,775,631,"Citizens Business Bank, Ontario, CA has agreed to assume all deposits, excluding certain brokered deposits."
416," Pueblo, CO",Southern Colorado National Bank,PR-181-2009,2-Oct-09,39.5,31.9,"Legacy Bank, Wiley, CO has agreed to assume all deposits."
417," Spring Grove, MN",Jennings State Bank,PR-180-2009,2-Oct-09,56.3,52.4,"Central Bank, Stillwater, MN has agreed to assume all deposits."
418," Warren, MI",Warren Bank,PR-179-2009,2-Oct-09,538,501,"The Huntington National Bank, Columbus, OH has agreed to assume all deposits, excluding certain brokered deposits."
419," Atlanta, GA",Georgian Bank,PR-177-2009,25-Sep-09,2000,2000,"First Citizens Bank and Trust Company, Inc., Columbia, SC has agreed to assume all deposits, excluding certain brokered deposits."
420," F.S.B., Louisville, KY",Irwin Union Bank,PR-174-2009,18-Sep-09,493,441,"First Financial Bank, National Association, Hamilton, OH has agreed to assume all deposits."
421," Columbus, IN",Irwin Union Bank and Trust Company,PR-174-2009,18-Sep-09,2700,2100,"First Financial Bank, National Association, Hamilton, OH has agreed to assume all deposits."
422," Lacey, WA",Venture Bank,PR-170-2009,11-Sep-09,970,903,"First-Citizens Bank & Trust Company, Raleigh, NC has agreed to assume all deposits, excluding certain brokered deposits."
423," Woodbury, MN",Brickwell Community Bank,PR-169-2009,11-Sep-09,72,63,"CorTrust Bank National Association, Mitchell, SD has agreed to assume all deposits, excluding certain brokered deposits."
424," National Association, Chicago, IL",Corus Bank,PR-168-2009,11-Sep-09,7000,7000,"MB Financial Bank, National Association, Chicago, IL has agreed to assume all deposits, excluding certain brokered deposits."
425," Flagstaff, AZ",First State Bank,PR-165-2009,4-Sep-09,105,95,"Sunwest Bank, Tustin, CA has agreed to assume all deposits, excluding certain brokered deposits."
426," Rolling Meadows, IL",Platinum Community Bank,PR-164-2009,4-Sep-09,345.6,305,The FDIC has approved the payout of the insured deposits Platinum Community Bank.
427," Sioux City, IA",Vantus Bank,PR-163-2009,4-Sep-09,458,368,"Great Southern Bank, Springfield, MO has agreed to assume all deposits."
428," Oak Forest, IL",InBank,PR-162-2009,4-Sep-09,212,199,"MB Financial Bank, National Association, Chicago, IL has agreed to assume all deposits, excluding certain brokered deposits."
429," Kansas City, MO",First Bank of Kansas City,PR-161-2009,4-Sep-09,16,15,"Great American Bank, De Soto, KS has agreed to assume all deposits."
430," Ventura, CA",Affinity Bank,PR-157-2009,28-Aug-09,1000,922,"Pacific Western Bank, San Diego, CA has agreed to assume all deposits, excluding certain brokered deposits."
431," Forest Lake, MN",Mainstreet Bank,PR-156-2009,28-Aug-09,459,434,"Central Bank, Stillwater, MN has agreed to assume all deposits, excluding certain brokered deposits."
432," Baltimore, MD",Bradford Bank,PR-155-2009,28-Aug-09,452,383,"Manufacturers and Traders Trust Company, Buffalo, NY has agreed to assume all deposits."
433," Austin, TX",Guaranty Bank,PR-150-2009,21-Aug-09,13000,12000,"BBVA Compass, Birmingham, AL has agreed to assume all deposits, excluding certain brokered deposits."
434," Birmingham, AL",CapitalSouth Bank,PR-149-2009,21-Aug-09,617,546,"IBERIABANK, Lafayette, LA has agreed to assume all deposits, excluding certain brokered deposits."
435," Newnan, GA",First Coweta Bank,PR-148-2009,21-Aug-09,167,155,"United Bank, Zebulon, GA, has agreed to assume all deposits, excluding certain brokered deposits."
436," Atlanta, GA",ebank,PR-147-2009,21-Aug-09,143,130,"Stearns Bank National Association, St. Cloud, MN, has agreed to assume all deposits."
437," Las Vegas, NV",Community Bank of Nevada,PR-146-2009,14-Aug-09,1520,1380,"The FDIC has created the Deposit Insurance National Bank of Las Vegas, NV (""DINB of Las Vegas"") to facilitate the resolution of Community Bank of Nevada, Las Vegas, NV."
438," Phoenix, AZ",Community Bank of Arizona,PR-145-2009,14-Aug-09,158.5,143.8,"MidFirst Bank, Oklahoma City, OK, has agreed to assume all deposits, excluding certain brokered deposits (approximately $143.8 million)."
439," National Association, Gilbert, AZ",Union Bank,PR-144-2009,14-Aug-09,124,112,"MidFirst Bank, Oklahoma City, OK, has agreed to assume all non-brokered deposits."
440," Montgomery, AL",Colonial Bank,PR-143-2009,14-Aug-09,25000,20000,"Branch Banking and Trust Company (BB&T), Winston-Salem, NC, has agreed to assume all deposits."
441," Pittsburgh, PA",Dwelling House Savings and Loan Association,PR-142-2009,14-Aug-09,13.4,13.8,"PNC Bank, National Association, Pittsburgh, PA has agreed to assume all deposits."
442," Prineville, OR",Community First Bank,PR-141-2009,7-Aug-09,209,182,"Home Federal Bank, Nampa, ID, has agreed to assume all deposits, excluding certain brokered deposits."
443," Venice, FL",Community National Bank of Sarasota County,PR-140-2009,7-Aug-09,97,93,"Stearns Bank National Association, St. Cloud, MN, has agreed to assume all deposits."
444," Sarasota, FL",First State Bank,PR-139-2009,7-Aug-09,463,387,"Stearns Bank National Association, St. Cloud, MN, has agreed to assume all deposits, excluding certain brokered deposits."
445," Harvey, Illinois",Mutual Bank,PR-137-2009,31-Jul-09,1600,1600,"United Central Bank, Garland, TX, has agreed to assume all deposits."
446," Elizabeth, NJ",First BankAmericano,PR-136-2009,31-Jul-09,166,157,"Crown Bank, Brick, NJ, has agreed to assume all deposits."
447," West Chester, OH",Peoples Community Bank,PR-135-2009,31-Jul-09,705.8,598.2,"First Financial Bank, National Association, Hamilton, OH, has agreed to assume all deposits, excluding certain brokered deposits."
448," Jupiter, FL",Integrity Bank,PR-134-2009,31-Jul-09,119,102,"Stonegate Bank, Fort Lauderdale, FL, has agreed to assume all deposits, excluding certain brokered deposits."
449," Altus, OK",First State Bank of Altus,PR-133-2009,31-Jul-09,103.4,98.2,"Herring Bank, Amarillo, TX, has agreed to assume all deposits."
450," Macon, GA",Security Bank of Bibb County,PR-130-2009,24-Jul-09,1200,1000,"State Bank and Trust Company, Pinehurst, GA, has agreed to assume all deposits."
451," Perry, GA",Security Bank of Houston County,PR-130-2009,24-Jul-09,383,320,"State Bank and Trust Company, Pinehurst, GA, has agreed to assume all deposits."
452," Gray, GA",Security Bank of Jones County,PR-130-2009,24-Jul-09,453,387,"State Bank and Trust Company, Pinehurst, GA, has agreed to assume all deposits."
453," Suwanee, GA",Security Bank of Gwinnett County,PR-130-2009,24-Jul-09,322,292,"State Bank and Trust Company, Pinehurst, GA, has agreed to assume all deposits."
454," Woodstock, GA",Security Bank of North Metro,PR-130-2009,24-Jul-09,224,212,"State Bank and Trust Company, Pinehurst, GA, has agreed to assume all deposits."
455," Alpharetta, GA",Security Bank of North Fulton,PR-130-2009,24-Jul-09,209,191,"State Bank and Trust Company, Pinehurst, GA, has agreed to assume all deposits."
456," Williamsville, NY",Waterford Village Bank,PR-129-2009,24-Jul-09,61.4,58,"Evans Bank, National Association, Angola, NY, has agreed to assume all deposits."
457," Temecula, CA",Temecula Valley Bank,PR-126-2009,17-Jul-09,1500,1300,"First-Citizens Bank & Trust Company, Raleigh, North Carolina, has agreed to assume all deposits, excluding certain brokered deposits."
458," National Association, Rancho Cucamonga, CA",Vineyard Bank,PR-125-2009,17-Jul-09,1900,1600,"California Bank & Trust, San Diego, CA, has agreed to assume all deposits, excluding certain brokered deposits."
459," Sioux Falls, SD",BankFirst,PR-124-2009,17-Jul-09,275,254,"Alerus Financial, National Association, Grand Forks, ND, has agreed to assume all deposits."
460," Winder, GA",First Piedmont Bank,PR-123-2009,17-Jul-09,115,109,"First American Bank and Trust Company, Athens, GA, has agreed to assume all deposits."
461," Thermopolis, WY",Bank of Wyoming,PR-122-2009,10-Jul-09,70,67,"Central Bank & Trust, Lander, WY, has agreed to assume all deposits, excluding certain brokered deposits."
462," Worth, IL",Founders Bank,PR-119-2009,2-Jul-09,962.5,848.9,"The PrivateBank and Trust Company, Chicago, IL, has agreed to assume all deposits."
463," Dallas, TX",Millennium State Bank of Texas,PR-118-2009,2-Jul-09,118,115,"State Bank of Texas, Irving, Texas, has agreed to assume all deposits."
464," Danville, IL",The First National Bank of Danville,PR-117-2009,2-Jul-09,166,147,"First Financial Bank, National Association, Terre Haute, Indiana, has agreed to assume all deposits."
465," Elizabeth, IL",The Elizabeth State Bank,PR-116-2009,2-Jul-09,55.5,50.4,"Galena State Bank and Trust Company, Galena, IL, has agreed to assume all deposits."
466," Oregon, IL",Rock River Bank,PR-115-2009,2-Jul-09,77,75.8,"The Harvard State Bank, Harvard, Illinois, has agreed to assume all deposits."
467," Winchester, IL",The First State Bank of Winchester,PR-114-2009,2-Jul-09,36,34,"The First National Bank of Beardstown, Beardstown, IL, has agreed to assume all deposits."
468," Clinton, IL",The John Warner Bank,PR-113-2009,2-Jul-09,70,64,"State Bank of Lincoln, Lincoln, IL, has agreed to assume all deposits."
469," Los Angeles, CA",Mirae Bank,PR-105-2009,26-Jun-09,456,362,"Wilshire State Bank, Los Angeles, CA, has agreed to assume all deposits."
470," Irvine, CA",MetroPacific Bank,PR-104-2009,26-Jun-09,80,73,"Sunwest Bank, Tustin, CA, has agreed to assume all non-brokered deposits."
471," Pine City, MN",Horizon Bank,PR-103-2009,26-Jun-09,87.6,69.4,"Stearns Bank National Association, St. Cloud, Minnesota, has agreed to assume all deposits, excluding certain brokered deposits."
472," Newnan, GA",Neighborhood Community Bank,PR-102-2009,26-Jun-09,221.6,191.3,"CharterBank, West Point, GA, has agreed to assume all deposits."
473," Villa Rica, GA",Community Bank of West Georgia,PR-101-2009,26-Jun-09,199.4,182.5,The FDIC has approved the payout of the insured deposits of Community Bank of West Georgia.
474," Wilmington, NC",Cooperative Bank,PR-95-2009,19-Jun-09,970,774,"First Bank, Troy, NC, has agreed to assume all deposits, excluding certain brokered deposits."
475," Fayetteville, GA",Southern Community Bank,PR-94-2009,19-Jun-09,377,307,"United Community Bank, Blairsville, GA, has agreed to assume all deposits."
476," Anthony, KS",First National Bank of Anthony,PR-096-2009,19-Jun-09,156.9,142.5,"Bank of Kansas, South Hutchinson, Kansas, has agreed to assume all deposits."
477," Lincolnwood, IL",Bank of Lincolnwood,PR-86-2009,5-Jun-09,214,202,"Republic Bank of Chicago, Oak Brook, Illinois, has agreed to assume all deposits."
478," Macomb, IL",Citizens National Bank,PR-76-2009,22-May-09,437,400,"Morton Community Bank, Morton, IL, has agreed to assume all non-brokered deposits."
479," Champaign, IL",Strategic Capital Bank,PR-75-2009,22-May-09,537,471,"Midland States Bank, Effingham, IL, has agreed to assume all deposits."
480," FSB, Coral Gables, FL",BankUnited,PR-72-2009,21-May-09,12800,8600,"BankUnited, Coral Gables, FL, has agreed to assume all deposits."
481," Bremerton, WA",Westsound Bank,PR-069-2009,8-May-09,334.6,304.5,"Kitsap Bank, Port Orchard, WA, has agreed to assume all non-brokered deposits."
482," Layton, UT",America West Bank,PR-63-2009,1-May-09,299.4,284.1,"Cache Valley Bank, Logan, Utah, has agreed to assume all deposits."
483," Ridgewood, NJ",Citizens Community Bank,PR-62-2009,1-May-09,45.1,43.7,"North Jersey Community Bank, Englewood Cliffs, NJ, has agreed to assume all deposits."
484," National Association, Atlanta, GA",Silverton Bank,PR-61-2009,1-May-09,4100,3300,"The FDIC created a bridge bank, Silverton Bridge Bank, National Association, to take over operations."
485," Ketchum, ID",First Bank of Idaho,PR-60-2009,24-Apr-09,488.9,374,"U.S. Bank, National Association, Minneapolis, MN, has agreed to assume all non-brokered deposits."
486," Calabasas, CA",First Bank of Beverly Hills,PR-59-2009,24-Apr-09,1500,1000,The FDIC has approved the payout of the insured deposits of First Bank of Beverly Hills.
487," Farmington Hills, MI",Michigan Heritage Bank,PR-58-2009,24-Apr-09,184.6,151.7,"Level One Bank, Farmington Hills, MI, has agreed to assume all deposits."
488," Kennesaw, GA",American Southern Bank,PR-57-2009,24-Apr-09,112.3,104.3,"Bank of North Georgia, Alpharetta, GA, has agreed to assume all non-brokered deposits."
489," Elko, NV",Great Basin Bank of Nevada,PR-55-2009,17-Apr-09,270.9,221.4,"Nevada State Bank, Las Vegas, NV, has agreed to assume all deposits."
490," Sugar Creek, MO",American Sterling Bank,PR-54-2009,17-Apr-09,181,171.9,"Metcalf Bank, Lee's Summit, Missouri, has agreed to assume all deposits."
491," Greeley, CO",New Frontier Bank,PR-53-2009,10-Apr-09,2000,1500,"Deposit Insurance National Bank of Greeley, Greeley, Colorado has agreed to assume the non-brokered insured deposits."
492," Wilmington, NC",Cape Fear Bank,PR-52-2009,10-Apr-09,492,403,"First Federal Savings and Loan Association, Charleston, South Carolina, has agreed to assume all deposits, excluding certain brokered deposits."
493," Atlanta, GA",Omni National Bank,PR-50-2009,27-Mar-09,956,796.8,"SunTrust Bank, Atlanta, GA has agreed to assume the non-brokered insured deposits."
494," National Association, Paola, KS",TeamBank,PR-46-2009,20-Mar-09,669.8,492.8,"Great Southern Bank, Springfield, Missouri, has agreed to assume all deposits."
495," Stockbridge, GA",FirstCity Bank,PR-44-2009,20-Mar-09,297,278,The FDIC has approved the payout of the insured deposits of FirstCity Bank.
496," Colorado Springs, CO",Colorado National Bank,PR-045-2009,20-Mar-09,123.5,82.7,"Herring Bank, Amarillo, TX has agreed to assume all deposits."
497," Commerce, GA",Freedom Bank of Georgia,PR-37-2009,6-Mar-09,173,161,"Northeast Georgia Bank, Lavonia, Georgia has agreed to assume all deposits."
498," Henderson, NV",Security Savings Bank,PR-32-2009,27-Feb-09,238.3,175.2,"Bank of Nevada, Las Vegas, NV has agreed to assume all non-brokered deposits."
499," Glenwood, IL",Heritage Community Bank,PR-031-2009,27-Feb-09,232.9,218.6,"The MB Financial Bank, National Association, Chicago, Illinois has agreed to assume all deposits."
500," Silverton, OR",Silver Falls Bank,PR-24-2009,20-Feb-09,131.4,116.3,"Citizens Bank, Corvallis, Oregon has agreed to assume all deposits."
501," Beaverton, OR",Pinnacle Bank,PR-23-2009,13-Feb-09,73,64,"Washington Trust Bank, Spokane, WA has agreed to assume all deposits."
502," Pittsfield, IL",Corn Belt Bank and Trust Company,PR-22-2009,13-Feb-09,271.8,234.4,"The Carlinville National Bank, Carlinville, Illinois has agreed to assume all non-brokered deposits."
503," Cape Coral, FL",Riverside Bank of the Gulf Coast,PR-21-2009,13-Feb-09,539,424,"TIB Bank, Naples, Florida has agreed to assume all non-brokered deposits."
504," Loup City, NE",Sherman County Bank,PR-020-2009,13-Feb-09,129.8,85.1,"Heritage Bank, Wood River, NE has agreed to assume all deposits."
505," Merced, CA",County Bank,PR-19-2009,6-Feb-09,1700,1300,"Westamerica Bank, San Rafael, CA has agreed to assume all deposits."
506," Culver City, CA",Alliance Bank,PR-18-2009,6-Feb-09,1140,951,"California Bank & Trust, San Diego, California has agreed to assume all deposits."
507," McDonough, GA",FirstBank Financial Services,PR-17-2009,6-Feb-09,337,279,"Regions Bank, Birmingham, Alabama has agreed to assume all deposits."
508," Ocala, FL",Ocala National Bank,PR-14-2009,30-Jan-09,223.5,205.2,"CenterState Bank of Florida, Winter Haven, FL has agreed to assume all non-brokered deposits."
509," Crofton, MD",Suburban Federal Savings Bank,PR-13-2009,30-Jan-09,360,302,"Bank of Essex, Tappahannock, VA has agreed to assume all deposits."
510," Salt Lake City, UT",MagnetBank,PR-12-2009,30-Jan-09,292.9,282.8,The FDIC has approved the payout of the insured deposits of MagnetBank.
511," Redlands, CA",1st Centennial Bank,PR-7-2009,23-Jan-09,803.3,676.9,"First California Bank, Westlake Village, CA has agreed to assume the non-brokered insured deposits."
512," Vancouver, WA",Bank of Clark County,PR-6-2009,16-Jan-09,446.5,366.5,"Umpqua Bank, Roseburg, Oregon has agreed to assume the non-brokered insured deposits."
513," Berkeley, IL",National Bank of Commerce,PR-5-2009,16-Jan-09,430.9,402.1,"In addition to assuming all of the failed bank's deposits, Republic Bank of Chicago, Oak Brook, IL agreed to pay a discount of $44.9 million, and will purchase approximately $366.6 million of assets. The FDIC will retain the remaining assets for later disposition."
514," Sanderson, TX",Sanderson State Bank,PR-135-2008,12-Dec-08,37,27.9,"Pecos County State Bank, Fort Stockton, TX assumed all deposits."
515," Duluth, GA",Haven Trust Bank,PR-134-2008,12-Dec-08,572,515,"Branch Banking and Trust Company, Winston-Salem, NC assumed all deposits."
516," Jackson, GA",First Georgia Community Bank,PR-132-2008,5-Dec-08,237.5,197.4,"United Bank, Zebulon, GA assumed all deposits."
517," Pomona, CA",PFF Bank and Trust,PR-124-2008,21-Nov-08,3700,2400,"In a transaction facilitated by the FDIC, U.S. Bank, National Association, acquired the banking operations of PFF Bank and Trust, and agreed to assume all deposits."
518," F.A., Newport Beach, CA",Downey Savings and Loan Association,PR-124-2008,21-Nov-08,12800,9700,"In a transaction facilitated by the FDIC, U.S. Bank, National Association, acquired the banking operations of Downey Savings and Loan Association, and agreed to assume all deposits."
519," Loganville, GA",Community Bank,PR-123-2008,21-Nov-08,681,611.4,"Bank of Essex, Tappahannock, VA agreed to assume all deposits."
520," Los Angeles, CA",Security Pacific Bank,PR-114-2008,7-Nov-08,561.1,450.1,"Pacific Western Bank, Los Angeles, California agreed to assume all deposits."
521," SSB, Houston, TX",Franklin Bank,PR-113-2008,7-Nov-08,5100,3700,"Prosperity Bank, El Campo, TX agreed to assume all deposits."
522," Bradenton, FL",Freedom Bank,PR-109-2008,31-Oct-08,287,254,"Fifth Third Bank of Grand Rapids, MI agreed to assume all deposits."
523," Alpharetta, GA",Alpha Bank & Trust,PR-106-2008,24-Oct-08,354.1,346.2,"Stearns Bank National Association, St. Cloud, MN agreed to assume the non-brokered insured deposits."
524," Eldred, IL",Meridian Bank,PR-99-2008,10-Oct-08,39.2,36.9,"National Bank of Hillsboro, IL assumed all deposits."
525," Northville, MI",Main Street Bank,PR-98-2008,10-Oct-08,98,86,"Monroe Bank & Trust of Monroe, MI agreed to assume all deposits."
526," Henderson, NV ",Washington Mutual Bank,PR-85-2008,25-Sep-08,307000,188000,"In a transaction facilitated by the FDIC, JPMorgan Chase acquired the banking operations of Washington Mutual Bank, and agreed to assume all deposits (approximately $188 billion)."
527," Inc., Northfork, WV",Ameribank,PR-82-2008,19-Sep-08,115,102,"Pioneer Community Bank, Inc., Iaeger, West Virginia agreed to assume all deposits at Ameribank's WV branches; The Citizens Savings Bank, Martins Ferry, OH agreed to assume all deposits at Ameribank's Ohio branches."
528," Henderson, NV",Silver State Bank,PR-77-2008,5-Sep-08,2000,1700,"Nevada State Bank, Las Vegas, NV agreed to assume the non-brokered insured deposits."
529," Alpharetta, GA",Integrity Bank,PR-74-2008,29-Aug-08,1100,974,"Regions Bank, Birmingham, AL agreed to assume all deposits."
530," Topeka, KS",Columbian Bank and Trust,PR-69-2008,22-Aug-08,752,622,"Citizens Bank and Trust Company, Chillicothe, MO agreed to assume all deposits."
531," Bradenton, FL",First Priority Bank,PR-65-2008,1-Aug-08,259,227,"SunTrust Bank, Atlanta, GA agreed to assume the non-brokered insured deposits."
532," Reno, NV",First National Bank of Nevada,PR-63-2008,25-Jul-08,3400,3000,"Mutual of Omaha Bank, Omaha, Nebraska agreed to assume all deposits (approximately $3.0 billion). On June 30, 2008, First National Bank of Arizona, Scottsdale, Arizona, merged with First National Bank of Nevada and was included in this action."
533," Newport Beach, CA",First Heritage Bank National Association,PR-63-2008,25-Jul-08,254,233,"Mutual of Omaha Bank, Omaha, NE agreed to assume all deposits (approximately $233 million)."
534," F.S.B., Pasadena, CA",IndyMac Bank,PR-56-2008; PR-42-2009,11-Jul-08,32010,19060,"Non-brokered insured deposits and substantially all of the assets were transferred to IndyMac Federal Bank, F.S.B., Pasadena, California. The FDIC was named Conservator."
535," National Association, Staples, MN",First Integrity Bank,PR-41-2008,30-May-08,54.7,50.3,"First International Bank and Trust, Watford City, ND agreed to assume all deposits."
536," National Association, Bentonville, AR",ANB Financial,PR-33-2008,9-May-08,2100,1800,"Pulaski Bank and Trust Company, Little Rock, AR agreed to assume the non-brokered insured deposits (approximately $212.9 million)."
537," Hume, MO",Hume Bank,PR-21-2008,7-Mar-08,18.7,13.6,"Security Bank, Rich Hill, MO agreed to assume the insured deposits (approximately $12.5 million)."
538," Kansas City, MO",Douglass National Bank,PR-7-2008,25-Jan-08,58.5,53.8,"Liberty Bank and Trust Company of New Orleans, LA agreed to assume all deposits (approximately $53.8 million)."
539," Lakeview, OH",Miami Valley Bank,PR-83-2007,4-Oct-07,86.7,76,"The Citizens Banking Company, Sandusky, OH agreed to assume all deposits."
540," Alpharetta, GA",NetBank,PR-81-2007,28-Sep-07,2500,2300,"ING Bank, fsb (ING DIRECT) has agreed to assume $1.5 billion of the failed bank's insured non-brokered deposits."
541," Pittsburgh, PA",Metropolitan Savings,PR-9-2007,2-Feb-07,15.8,12,"Allegheny Valley Bank of Pittsburgh, PA has agreed to assume approximately $12.0 million of insured deposits."
542," Ephraim, UT",Bank of Ephraim,PR-69-2004,25-Jun-04,46.4,45.2,"Far West Bank, Provo, UT agreed to assume all deposits. (BIF)"
543," White Plains, NY",Reliance Bank,PR-24-2004,19-Mar-04,30.3,28,"Union State Bank, Orangeburg, NY agreed to assume all deposits. (BIF)"
544," Tallahassee, FL",Guaranty National Bank of Tallahassee,PR-23-2004; PR-21-2004,12-Mar-04,74.1,66.9,"Hancock Bank of Florida, Tallahassee, FL agreed to assume all deposits. (BIF)"
545, NJ,Dollar Savings Bank of Newark,PR-13-2004,14-Feb-04,12.3,9.8,The FDIC has approved the payout of the insured deposits of Dollar Savings Bank of Newark. (SAIF)
546," Philadelphia, PA",Pulaski Savings Bank,PR-107-2003,14-Nov-03,10.2,9.2,"Earthstar Bank, South Hampton, PA agreed to assume all deposits. (BIF)"
547," Blanchardville, WI",First National Bank of Blanchardville,PR-48-2003; PR-47-2003,9-May-03,35,29,"The Park Bank, Madison, WI agreed to assume all deposits. (BIF)"
548," Torrance, CA",Southern Pacific Bank,PR-11-2003,7-Feb-03,1000,864.7,"Beal Bank of Plano, TX agreed to assume all deposits. (BIF)"
549," Cheneyville, LA",Farmers Bank & Trust of Cheneyville,PR-131-2002,17-Dec-02,37,33.1,"Sabine State Bank and Trust Company, Many, LA agreed to assume all deposits.(BIF)"
550," Alamo, TN",Bank of Alamo,PR-120-2002,8-Nov-02,69.4,55.3,The FDIC has approved the payout of the insured deposits of Bank of Alamo. (BIF)
551," Atlanta, GA",AmTrade International Bank,PR-100-2002,30-Sep-02,12,10.2,The FDIC has approved the payout of the insured deposits of AmTrade International Bank. (BIF)
552," Chicago, IL",Universal Federal Savings Bank,PR-81-2002; PR-76-2002,27-Jun-02,51.6,40,"Chicago Community Bank, Chicago, IL agreed to assume all deposits. (SAIF)"
553," Stamford, CT",Connecticut Bank of Commerce,PR-80-2002; PR-74-2002,26-Jun-02,398.6,323.7,"Hudson United Bank, Mahwah, NJ agreed to assume all deposits. (BIF)"
554," Shelby Township, MI",New Century Bank,PR-38-2002,28-Mar-02,19,18,The FDIC has approved the payout of the insured deposits of New Century Bank. (BIF)
555," Boca Raton, FL",Net 1st National Bank,PR-26-2002,1-Mar-02,34.7,23.9,"Bank Leumi USA of New York, NY agreed to assume all deposits. (BIF)"
556," National Association, Phoenix, AZ",NextBank,PR-16-2002,7-Feb-02,700,554,"The FDIC has approved the payout of the insured deposits of NextBank, N.A. (BIF)"
557," Oakwood, OH",Oakwood Deposit Bank Company,PR-11-2002; PR-10-2002,1-Feb-02,72.3,60.2,"The State Bank and Trust Company of Defiance, OH agreed to assume all deposits. (BIF)"
558," Sierra Blanca, Texas",Bank of Sierra Blanca,PR-5-2002,18-Jan-02,10.8,9.8,"The Security State Bank of Pecos, Pecos, TX greed to assume all deposits. (BIF)"
559," National Association, Miami, FL",Hamilton Bank,PR-3-2002,11-Jan-02,1300,1200,"Israel Discount Bank of New York, New York, NY greed to assume all deposits. (BIF)"
560," Gravette, AR",Sinclair National Bank,PR-63-2001,7-Sep-01,30.7,25.7,"Delta Trust and Bank, Parkdale, AR agreed to assume all insured deposits. (BIF)"
561," FSB, Hinsdale, IL",Superior Bank,PR-52-2001,27-Jul-01,2300,1600,"The Federal Deposit Insurance Corporation today transferred the insured deposits and substantially all the assets of Superior Bank, FSB, Hinsdale, IL, to Superior Federal, FSB (New Superior), a newly chartered, full-service mutual savings bank. The bank was closed earlier today by the Office of Thrift Supervision, and the FDIC was named conservator. (SAIF)"
562," Malta, OH",The Malta National Bank,PR-32-2001,3-May-01,9.5,8.8,"North Valley Bank, Zanesville, OH agreed to assume all deposits. (BIF)"
563," Manchester, NH",First Alliance Bank & Trust Company,PR-11-2001,2-Feb-01,18.4,17.5,"Southern New Hampshire Bank and Trust Company, Salem, NH agreed to assume all deposits."